SECTOR,SECTOR_ID,COMPANIA_ID,PROVINCIA,TIPOEMPRESA,HERRAMIENTA,NUBE,RECURSOSENLANUBE,CANTIDADEMPLEADOS,VISUALIZACION,VENTAS
SERVICIOS,2,1157,SAN JOSE,PYMES,1,1,6,4,1,85771
SERVICIOS,2,1027,PUNTARENAS,MEDIANA,0,0,0,46,0,1133723
COMERCIO,6,993,SAN JOSE,PYMES,0,0,0,7,0,88888
AGRIGULTURA,3,90,LIMON,PEQUE헤,4,1,35,20,2,261617
MANUFACTURA,5,952,CARTAGO,PYMES,0,0,0,6,0,109121
MANUFACTURA,5,1286,PUNTARENAS,PEQUE헤,0,0,0,22,0,285314
COMERCIO,6,569,HEREDIA,PEQUE헤,0,0,0,34,0,158506
BIENES RAICES,4,1289,CARTAGO,MEDIANA,0,0,0,54,0,953596
HOTELERIA,1,1112,CARTAGO,PYMES,0,0,0,6,0,15609
HOTELERIA,1,7,PUNTARENAS,MEDIANA,0,0,0,39,0,668820
AGRIGULTURA,3,1084,SAN JOSE,GRANDE,0,0,0,240,0,10147830
SERVICIOS,2,1047,SAN JOSE,PEQUE헤,1,1,25,11,4,338167
COMERCIO,6,505,LIMON,PYMES,0,0,0,9,0,61610
HOTELERIA,1,281,SAN JOSE,GRANDE,3,1,616,690,1,20616015
HOTELERIA,1,856,LIMON,PYMES,4,1,6,9,3,51290
COMERCIO,6,292,SAN JOSE,MEDIANA,0,0,0,44,0,979785
COMERCIO,6,1588,GUANACASTE,MEDIANA,0,0,0,96,0,1012149
BIENES RAICES,4,1729,CARTAGO,MEDIANA,2,1,48,100,1,964650
SERVICIOS,2,529,PUNTARENAS,MEDIANA,2,1,88,100,0,365487
HOTELERIA,1,557,PUNTARENAS,PYMES,0,0,0,8,0,21653
AGRIGULTURA,3,960,HEREDIA,MEDIANA,0,0,0,98,0,496309
SERVICIOS,2,692,ALAJUELA,MEDIANA,4,1,70,57,4,712878
SERVICIOS,2,1662,GUANACASTE,MEDIANA,0,0,0,82,0,838802
HOTELERIA,1,1633,GUANACASTE,PEQUE헤,0,0,0,34,0,203911
COMERCIO,6,1574,LIMON,PYMES,2,1,2,7,4,29890
HOTELERIA,1,1405,ALAJUELA,MEDIANA,2,1,88,94,2,828600
SERVICIOS,2,1007,SAN JOSE,PYMES,3,1,4,5,3,40988
HOTELERIA,1,1586,PUNTARENAS,MEDIANA,4,1,76,36,1,864490
SERVICIOS,2,761,ALAJUELA,MEDIANA,2,1,69,57,0,623193
HOTELERIA,1,354,PUNTARENAS,MEDIANA,2,1,74,71,1,1068281
AGRIGULTURA,3,566,PUNTARENAS,MEDIANA,0,0,0,62,0,983888
SERVICIOS,2,1363,SAN JOSE,PEQUE헤,0,0,0,12,0,285057
COMERCIO,6,64,ALAJUELA,PEQUE헤,2,1,23,34,3,319218
COMERCIO,6,1188,LIMON,GRANDE,1,1,440,631,1,8096601
BIENES RAICES,4,1282,HEREDIA,MEDIANA,2,1,54,40,3,615271
COMERCIO,6,1020,GUANACASTE,PYMES,0,0,0,6,0,15899
AGRIGULTURA,3,1634,HEREDIA,GRANDE,0,0,0,168,0,4748190
MANUFACTURA,5,1088,LIMON,MEDIANA,0,0,0,99,0,555940
AGRIGULTURA,3,110,LIMON,PYMES,0,0,0,7,0,40852
HOTELERIA,1,1379,HEREDIA,PEQUE헤,0,0,0,30,0,377862
AGRIGULTURA,3,713,GUANACASTE,PYMES,0,0,0,6,0,76399
MANUFACTURA,5,623,SAN JOSE,GRANDE,4,1,281,737,2,2905594
BIENES RAICES,4,1714,CARTAGO,PYMES,0,0,0,6,0,89440
SERVICIOS,2,1359,GUANACASTE,PEQUE헤,3,1,34,32,4,383716
SERVICIOS,2,1261,HEREDIA,MEDIANA,0,0,0,54,0,1023660
MANUFACTURA,5,988,GUANACASTE,PEQUE헤,0,0,0,21,0,338211
SERVICIOS,2,138,PUNTARENAS,GRANDE,4,1,571,348,1,23025233
BIENES RAICES,4,1546,SAN JOSE,GRANDE,3,1,177,168,1,3831999
SERVICIOS,2,263,HEREDIA,PYMES,3,1,4,8,3,63895
MANUFACTURA,5,903,HEREDIA,PYMES,4,1,5,7,2,51596
AGRIGULTURA,3,371,CARTAGO,GRANDE,4,1,741,399,0,23703754
HOTELERIA,1,14,GUANACASTE,MEDIANA,0,0,0,63,0,863463
MANUFACTURA,5,1596,HEREDIA,MEDIANA,2,1,52,100,1,960528
BIENES RAICES,4,19,ALAJUELA,PYMES,1,1,5,6,1,113163
SERVICIOS,2,1022,PUNTARENAS,GRANDE,0,0,0,302,0,17055805
BIENES RAICES,4,1012,PUNTARENAS,PYMES,0,0,0,8,0,21945
BIENES RAICES,4,755,ALAJUELA,PEQUE헤,4,1,18,23,1,261010
HOTELERIA,1,688,CARTAGO,PYMES,0,0,0,4,0,72146
BIENES RAICES,4,1576,HEREDIA,PEQUE헤,4,1,35,17,1,218566
SERVICIOS,2,55,ALAJUELA,GRANDE,0,0,0,976,0,16058109
SERVICIOS,2,549,SAN JOSE,PEQUE헤,1,1,33,13,0,279522
SERVICIOS,2,259,ALAJUELA,PEQUE헤,2,1,17,24,0,226469
COMERCIO,6,736,LIMON,MEDIANA,0,0,0,65,0,746925
SERVICIOS,2,1381,CARTAGO,PEQUE헤,1,1,13,29,3,130752
HOTELERIA,1,895,SAN JOSE,PEQUE헤,0,0,0,21,0,370325
COMERCIO,6,943,ALAJUELA,MEDIANA,0,0,0,63,0,1128968
AGRIGULTURA,3,719,HEREDIA,PEQUE헤,4,1,10,30,4,374662
BIENES RAICES,4,422,SAN JOSE,MEDIANA,4,1,53,47,0,461671
SERVICIOS,2,838,PUNTARENAS,MEDIANA,0,0,0,83,0,851210
COMERCIO,6,1504,ALAJUELA,PYMES,0,0,0,4,0,99207
AGRIGULTURA,3,411,SAN JOSE,PEQUE헤,0,0,0,34,0,306616
SERVICIOS,2,1709,CARTAGO,GRANDE,2,1,898,796,3,21795737
HOTELERIA,1,798,HEREDIA,GRANDE,0,0,0,167,0,24917094
SERVICIOS,2,1210,SAN JOSE,PYMES,1,1,5,4,3,25692
COMERCIO,6,6,GUANACASTE,MEDIANA,1,1,75,63,1,977502
SERVICIOS,2,1479,CARTAGO,PEQUE헤,2,1,32,10,1,388195
HOTELERIA,1,1427,CARTAGO,PYMES,0,0,0,9,0,43306
AGRIGULTURA,3,118,ALAJUELA,PYMES,0,0,0,3,0,113952
HOTELERIA,1,604,LIMON,GRANDE,2,1,598,929,4,14248141
HOTELERIA,1,465,LIMON,GRANDE,1,1,161,737,2,3026553
SERVICIOS,2,59,LIMON,GRANDE,1,1,185,997,0,1126328
HOTELERIA,1,1051,CARTAGO,PEQUE헤,4,1,20,16,0,187141
BIENES RAICES,4,907,LIMON,PEQUE헤,0,0,0,33,0,186831
MANUFACTURA,5,751,HEREDIA,GRANDE,0,0,0,841,0,7937117
AGRIGULTURA,3,1712,HEREDIA,MEDIANA,2,1,46,75,3,659592
COMERCIO,6,35,PUNTARENAS,MEDIANA,2,1,60,83,1,360220
MANUFACTURA,5,1181,HEREDIA,GRANDE,0,0,0,953,0,16040793
HOTELERIA,1,1160,PUNTARENAS,MEDIANA,0,0,0,86,0,553666
COMERCIO,6,1354,SAN JOSE,GRANDE,1,1,918,568,2,10540596
MANUFACTURA,5,1664,CARTAGO,PEQUE헤,0,0,0,32,0,106796
MANUFACTURA,5,1082,GUANACASTE,PEQUE헤,0,0,0,30,0,419097
BIENES RAICES,4,345,CARTAGO,PYMES,3,1,6,5,0,91262
SERVICIOS,2,197,LIMON,GRANDE,0,0,0,309,0,10462761
BIENES RAICES,4,774,GUANACASTE,PEQUE헤,0,0,0,17,0,313870
MANUFACTURA,5,753,SAN JOSE,PEQUE헤,1,1,29,29,4,207952
BIENES RAICES,4,1239,GUANACASTE,MEDIANA,1,1,40,37,3,538221
COMERCIO,6,1078,ALAJUELA,PYMES,0,0,0,6,0,86389
AGRIGULTURA,3,1719,GUANACASTE,GRANDE,0,0,0,951,0,17697415
COMERCIO,6,120,ALAJUELA,MEDIANA,1,1,78,58,2,800385
SERVICIOS,2,1625,SAN JOSE,MEDIANA,0,0,0,77,0,960226
BIENES RAICES,4,983,ALAJUELA,PEQUE헤,3,1,25,24,2,134071
BIENES RAICES,4,1413,LIMON,PEQUE헤,0,0,0,35,0,214603
MANUFACTURA,5,159,HEREDIA,MEDIANA,0,0,0,65,0,945849
AGRIGULTURA,3,1740,SAN JOSE,MEDIANA,0,0,0,75,0,1091947
SERVICIOS,2,393,CARTAGO,PYMES,0,0,0,5,0,20424
MANUFACTURA,5,124,GUANACASTE,MEDIANA,0,0,0,46,0,488049
BIENES RAICES,4,842,HEREDIA,GRANDE,0,0,0,731,0,15170232
AGRIGULTURA,3,3,GUANACASTE,PEQUE헤,2,1,21,20,4,383544
COMERCIO,6,499,CARTAGO,MEDIANA,2,1,51,40,4,1072807
HOTELERIA,1,497,GUANACASTE,GRANDE,1,1,842,269,2,17944841
HOTELERIA,1,109,PUNTARENAS,PYMES,4,1,3,9,2,117448
SERVICIOS,2,1741,PUNTARENAS,PYMES,0,0,0,3,0,91869
SERVICIOS,2,795,CARTAGO,PEQUE헤,0,0,0,13,0,321144
COMERCIO,6,507,LIMON,MEDIANA,0,0,0,36,0,840056
COMERCIO,6,793,LIMON,MEDIANA,3,1,90,42,2,548500
BIENES RAICES,4,1256,CARTAGO,PYMES,0,0,0,6,0,13436
AGRIGULTURA,3,1246,GUANACASTE,PEQUE헤,1,1,11,19,0,243331
BIENES RAICES,4,448,SAN JOSE,PEQUE헤,0,0,0,33,0,210749
SERVICIOS,2,527,ALAJUELA,PEQUE헤,0,0,0,23,0,162272
SERVICIOS,2,1324,SAN JOSE,PYMES,0,0,0,3,0,64113
BIENES RAICES,4,136,SAN JOSE,GRANDE,0,0,0,368,0,21700318
BIENES RAICES,4,1053,GUANACASTE,PYMES,0,0,0,6,0,118242
MANUFACTURA,5,382,ALAJUELA,PEQUE헤,0,0,0,16,0,309240
BIENES RAICES,4,1665,HEREDIA,PYMES,0,0,0,5,0,68465
MANUFACTURA,5,1169,PUNTARENAS,PEQUE헤,4,1,26,13,1,201680
COMERCIO,6,1287,ALAJUELA,PEQUE헤,0,0,0,28,0,217117
HOTELERIA,1,593,CARTAGO,GRANDE,0,0,0,450,0,15728788
COMERCIO,6,1340,HEREDIA,GRANDE,3,1,835,163,2,23049250
BIENES RAICES,4,195,SAN JOSE,PEQUE헤,4,1,35,31,4,415207
COMERCIO,6,613,LIMON,PYMES,0,0,0,8,0,123095
SERVICIOS,2,177,PUNTARENAS,GRANDE,0,0,0,301,0,5408728
SERVICIOS,2,33,CARTAGO,PYMES,2,1,8,8,2,69912
SERVICIOS,2,731,GUANACASTE,GRANDE,0,0,0,639,0,18162169
AGRIGULTURA,3,811,HEREDIA,GRANDE,0,0,0,323,0,13579474
HOTELERIA,1,436,HEREDIA,GRANDE,1,1,373,838,2,8247912
MANUFACTURA,5,1086,CARTAGO,GRANDE,0,0,0,645,0,10483547
AGRIGULTURA,3,117,LIMON,GRANDE,0,0,0,464,0,3196700
AGRIGULTURA,3,524,LIMON,PEQUE헤,4,1,11,19,4,227057
MANUFACTURA,5,732,CARTAGO,PYMES,3,1,9,6,2,14768
HOTELERIA,1,201,HEREDIA,PYMES,0,0,0,9,0,21379
MANUFACTURA,5,1217,GUANACASTE,PEQUE헤,1,1,13,12,4,115165
COMERCIO,6,5,PUNTARENAS,MEDIANA,1,1,91,61,2,581671
COMERCIO,6,591,PUNTARENAS,PEQUE헤,3,1,18,21,1,372915
AGRIGULTURA,3,473,GUANACASTE,PEQUE헤,0,0,0,18,0,120646
HOTELERIA,1,748,HEREDIA,PYMES,0,0,0,9,0,30498
HOTELERIA,1,85,GUANACASTE,PYMES,3,1,4,4,3,118720
AGRIGULTURA,3,938,ALAJUELA,MEDIANA,2,1,78,100,3,908675
BIENES RAICES,4,1532,HEREDIA,MEDIANA,0,0,0,52,0,486372
COMERCIO,6,1375,PUNTARENAS,MEDIANA,0,0,0,87,0,410004
COMERCIO,6,1518,ALAJUELA,GRANDE,1,1,243,212,4,3857354
COMERCIO,6,60,HEREDIA,PYMES,4,1,5,4,2,14905
COMERCIO,6,1344,CARTAGO,PYMES,0,0,0,6,0,113336
AGRIGULTURA,3,315,CARTAGO,PYMES,4,1,2,7,4,116188
MANUFACTURA,5,438,PUNTARENAS,MEDIANA,3,1,88,61,2,957159
BIENES RAICES,4,176,SAN JOSE,PEQUE헤,1,1,26,20,0,126975
SERVICIOS,2,1154,LIMON,PEQUE헤,3,1,11,30,3,374008
BIENES RAICES,4,198,LIMON,PEQUE헤,4,1,32,12,2,312273
BIENES RAICES,4,912,PUNTARENAS,PYMES,0,0,0,4,0,85184
MANUFACTURA,5,230,LIMON,MEDIANA,2,1,89,96,2,706557
SERVICIOS,2,1649,LIMON,PEQUE헤,1,1,31,32,3,157517
COMERCIO,6,1537,GUANACASTE,MEDIANA,0,0,0,83,0,1104588
HOTELERIA,1,1251,HEREDIA,PEQUE헤,4,1,33,29,4,217514
HOTELERIA,1,710,LIMON,PYMES,1,1,8,6,2,83604
COMERCIO,6,132,HEREDIA,PEQUE헤,0,0,0,17,0,300722
HOTELERIA,1,248,PUNTARENAS,PYMES,4,1,8,8,3,121605
BIENES RAICES,4,678,HEREDIA,PYMES,1,1,9,8,4,14496
SERVICIOS,2,297,GUANACASTE,MEDIANA,3,1,81,41,3,1060587
HOTELERIA,1,852,ALAJUELA,PEQUE헤,1,1,20,33,0,348052
AGRIGULTURA,3,225,PUNTARENAS,PYMES,0,0,0,9,0,81228
SERVICIOS,2,1616,CARTAGO,PYMES,3,1,6,7,3,31422
BIENES RAICES,4,1581,LIMON,MEDIANA,1,1,74,50,4,914169
BIENES RAICES,4,486,CARTAGO,GRANDE,0,0,0,259,0,7238522
HOTELERIA,1,531,CARTAGO,MEDIANA,1,1,48,42,2,590585
COMERCIO,6,653,GUANACASTE,MEDIANA,0,0,0,93,0,425532
HOTELERIA,1,1180,CARTAGO,MEDIANA,0,0,0,83,0,1120118
HOTELERIA,1,1650,GUANACASTE,GRANDE,0,0,0,211,0,8684883
HOTELERIA,1,848,PUNTARENAS,GRANDE,1,1,817,212,1,18373972
SERVICIOS,2,991,ALAJUELA,PYMES,0,0,0,5,0,46222
MANUFACTURA,5,1182,ALAJUELA,MEDIANA,1,1,64,68,3,1166964
COMERCIO,6,921,ALAJUELA,PEQUE헤,3,1,32,18,2,128452
MANUFACTURA,5,1609,LIMON,PEQUE헤,0,0,0,32,0,408547
MANUFACTURA,5,655,LIMON,PYMES,0,0,0,4,0,13027
MANUFACTURA,5,1582,CARTAGO,GRANDE,4,1,212,287,2,3104018
HOTELERIA,1,218,GUANACASTE,PEQUE헤,0,0,0,17,0,346450
BIENES RAICES,4,742,ALAJUELA,MEDIANA,0,0,0,92,0,708787
MANUFACTURA,5,612,CARTAGO,PYMES,0,0,0,4,0,27128
HOTELERIA,1,1591,HEREDIA,MEDIANA,4,1,53,52,3,1049673
HOTELERIA,1,1222,SAN JOSE,PYMES,1,1,8,8,0,51497
SERVICIOS,2,514,LIMON,PEQUE헤,0,0,0,20,0,251841
BIENES RAICES,4,1656,SAN JOSE,PYMES,0,0,0,9,0,87723
AGRIGULTURA,3,880,SAN JOSE,PYMES,0,0,0,3,0,65629
SERVICIOS,2,152,LIMON,MEDIANA,1,1,74,60,4,988149
MANUFACTURA,5,479,HEREDIA,GRANDE,0,0,0,514,0,19552308
BIENES RAICES,4,999,GUANACASTE,GRANDE,2,1,635,660,3,17240570
COMERCIO,6,695,ALAJUELA,MEDIANA,0,0,0,57,0,392930
AGRIGULTURA,3,1697,LIMON,PEQUE헤,0,0,0,32,0,309977
MANUFACTURA,5,771,PUNTARENAS,PEQUE헤,3,1,32,22,0,130750
COMERCIO,6,429,GUANACASTE,GRANDE,0,0,0,886,0,22886275
COMERCIO,6,849,ALAJUELA,PYMES,3,1,9,5,1,47183
COMERCIO,6,1585,ALAJUELA,MEDIANA,0,0,0,87,0,611498
BIENES RAICES,4,829,HEREDIA,PYMES,0,0,0,3,0,115400
COMERCIO,6,1444,HEREDIA,MEDIANA,1,1,87,94,3,1119988
HOTELERIA,1,335,ALAJUELA,PYMES,4,1,2,3,3,116334
MANUFACTURA,5,178,CARTAGO,GRANDE,0,0,0,701,0,4860384
SERVICIOS,2,279,HEREDIA,PYMES,1,1,8,6,3,96750
BIENES RAICES,4,339,CARTAGO,PEQUE헤,0,0,0,20,0,349926
MANUFACTURA,5,309,LIMON,GRANDE,2,1,568,687,0,17337954
HOTELERIA,1,188,LIMON,PYMES,0,0,0,9,0,82912
SERVICIOS,2,1450,LIMON,MEDIANA,2,1,98,79,1,703354
AGRIGULTURA,3,1528,LIMON,PEQUE헤,0,0,0,34,0,258099
SERVICIOS,2,321,SAN JOSE,GRANDE,2,1,747,543,4,15374993
COMERCIO,6,1031,HEREDIA,PYMES,0,0,0,5,0,30954
HOTELERIA,1,657,LIMON,PYMES,4,1,9,9,3,75457
BIENES RAICES,4,1723,GUANACASTE,GRANDE,0,0,0,126,0,18279509
MANUFACTURA,5,419,CARTAGO,PEQUE헤,0,0,0,16,0,386935
COMERCIO,6,1547,PUNTARENAS,MEDIANA,3,1,55,63,1,824221
BIENES RAICES,4,567,GUANACASTE,MEDIANA,1,1,92,78,4,594270
SERVICIOS,2,1471,CARTAGO,PYMES,1,1,3,7,1,98159
COMERCIO,6,407,ALAJUELA,MEDIANA,0,0,0,64,0,371012
AGRIGULTURA,3,661,GUANACASTE,PYMES,0,0,0,5,0,33286
COMERCIO,6,47,ALAJUELA,PYMES,0,0,0,4,0,23726
MANUFACTURA,5,1505,GUANACASTE,PYMES,0,0,0,9,0,56803
HOTELERIA,1,603,GUANACASTE,PYMES,3,1,9,6,1,72438
MANUFACTURA,5,383,CARTAGO,PEQUE헤,0,0,0,25,0,291294
MANUFACTURA,5,1162,HEREDIA,GRANDE,0,0,0,288,0,2062027
SERVICIOS,2,1620,ALAJUELA,PYMES,0,0,0,3,0,16602
SERVICIOS,2,1233,SAN JOSE,PEQUE헤,2,1,35,32,2,154089
COMERCIO,6,1492,CARTAGO,PYMES,2,1,8,4,2,110578
HOTELERIA,1,1237,SAN JOSE,GRANDE,2,1,451,576,2,2331894
BIENES RAICES,4,564,SAN JOSE,MEDIANA,0,0,0,91,0,371732
AGRIGULTURA,3,1629,SAN JOSE,GRANDE,4,1,257,755,3,2071382
MANUFACTURA,5,1202,LIMON,GRANDE,1,1,491,891,3,9672577
HOTELERIA,1,754,LIMON,PEQUE헤,0,0,0,14,0,295282
MANUFACTURA,5,1631,GUANACASTE,MEDIANA,0,0,0,82,0,409487
COMERCIO,6,1628,CARTAGO,MEDIANA,0,0,0,82,0,932036
HOTELERIA,1,1690,LIMON,PEQUE헤,0,0,0,12,0,361210
MANUFACTURA,5,762,ALAJUELA,MEDIANA,2,1,86,82,2,460032
COMERCIO,6,1452,LIMON,GRANDE,3,1,983,597,4,24814362
MANUFACTURA,5,513,PUNTARENAS,PYMES,4,1,7,5,1,124871
BIENES RAICES,4,455,LIMON,MEDIANA,0,0,0,48,0,445670
MANUFACTURA,5,155,CARTAGO,PEQUE헤,0,0,0,19,0,284429
BIENES RAICES,4,45,CARTAGO,PEQUE헤,1,1,34,16,2,346312
MANUFACTURA,5,916,HEREDIA,PYMES,0,0,0,5,0,41251
AGRIGULTURA,3,923,GUANACASTE,MEDIANA,1,1,40,94,2,782789
MANUFACTURA,5,25,CARTAGO,PYMES,3,1,3,4,3,51502
SERVICIOS,2,950,CARTAGO,MEDIANA,3,1,54,78,4,472884
MANUFACTURA,5,757,SAN JOSE,PEQUE헤,0,0,0,10,0,167466
BIENES RAICES,4,222,CARTAGO,MEDIANA,0,0,0,72,0,811521
AGRIGULTURA,3,278,PUNTARENAS,GRANDE,4,1,251,474,2,8033829
MANUFACTURA,5,414,PUNTARENAS,GRANDE,4,1,220,731,1,9202710
HOTELERIA,1,520,CARTAGO,GRANDE,1,1,994,630,4,16312764
COMERCIO,6,1241,ALAJUELA,PEQUE헤,1,1,23,32,2,290538
HOTELERIA,1,1314,ALAJUELA,PEQUE헤,0,0,0,33,0,298037
BIENES RAICES,4,162,CARTAGO,MEDIANA,0,0,0,92,0,1141160
BIENES RAICES,4,627,GUANACASTE,PYMES,4,1,2,9,2,12687
HOTELERIA,1,1279,CARTAGO,PEQUE헤,4,1,21,26,3,365070
SERVICIOS,2,1,SAN JOSE,PYMES,0,0,0,8,0,78306
MANUFACTURA,5,137,SAN JOSE,MEDIANA,3,1,57,69,0,559498
MANUFACTURA,5,1426,ALAJUELA,PYMES,3,1,2,7,3,123937
SERVICIOS,2,967,ALAJUELA,MEDIANA,1,1,60,41,2,647927
MANUFACTURA,5,1155,GUANACASTE,GRANDE,0,0,0,131,0,16403583
SERVICIOS,2,996,SAN JOSE,GRANDE,0,0,0,760,0,2893386
AGRIGULTURA,3,521,LIMON,MEDIANA,4,1,71,61,0,943627
HOTELERIA,1,1178,GUANACASTE,PYMES,1,1,8,4,3,63898
COMERCIO,6,65,PUNTARENAS,PYMES,0,0,0,4,0,61380
SERVICIOS,2,283,HEREDIA,MEDIANA,0,0,0,64,0,851416
COMERCIO,6,1488,ALAJUELA,MEDIANA,2,1,77,72,0,809833
SERVICIOS,2,1352,ALAJUELA,PYMES,0,0,0,9,0,50964
MANUFACTURA,5,1245,GUANACASTE,PYMES,0,0,0,4,0,83017
COMERCIO,6,253,HEREDIA,PYMES,2,1,3,3,3,15289
SERVICIOS,2,716,ALAJUELA,PYMES,0,0,0,6,0,37325
COMERCIO,6,1459,HEREDIA,MEDIANA,4,1,85,46,3,967782
AGRIGULTURA,3,759,PUNTARENAS,PYMES,4,1,6,6,0,53867
HOTELERIA,1,318,SAN JOSE,PYMES,1,1,7,5,0,59315
SERVICIOS,2,1294,GUANACASTE,MEDIANA,0,0,0,95,0,752874
AGRIGULTURA,3,637,ALAJUELA,GRANDE,0,0,0,202,0,16507744
MANUFACTURA,5,258,PUNTARENAS,MEDIANA,0,0,0,76,0,644871
MANUFACTURA,5,1732,CARTAGO,PYMES,1,1,6,3,2,65367
BIENES RAICES,4,406,CARTAGO,MEDIANA,0,0,0,59,0,656543
AGRIGULTURA,3,873,CARTAGO,MEDIANA,4,1,55,83,3,652670
HOTELERIA,1,929,GUANACASTE,MEDIANA,4,1,37,53,4,696516
MANUFACTURA,5,994,PUNTARENAS,MEDIANA,2,1,44,83,3,1086897
AGRIGULTURA,3,350,LIMON,PEQUE헤,0,0,0,28,0,302590
SERVICIOS,2,1559,PUNTARENAS,PEQUE헤,0,0,0,24,0,168173
SERVICIOS,2,472,LIMON,PYMES,0,0,0,3,0,58292
AGRIGULTURA,3,1529,PUNTARENAS,PYMES,0,0,0,7,0,70964
HOTELERIA,1,714,ALAJUELA,GRANDE,4,1,153,895,0,3407002
COMERCIO,6,1548,CARTAGO,GRANDE,0,0,0,904,0,7130718
COMERCIO,6,816,LIMON,PYMES,0,0,0,7,0,99563
AGRIGULTURA,3,1231,PUNTARENAS,PYMES,0,0,0,4,0,115326
HOTELERIA,1,1066,LIMON,GRANDE,1,1,201,880,1,4286057
COMERCIO,6,129,ALAJUELA,PEQUE헤,0,0,0,31,0,191047
COMERCIO,6,1693,GUANACASTE,PEQUE헤,4,1,13,30,1,301684
AGRIGULTURA,3,1435,CARTAGO,MEDIANA,3,1,91,84,0,641462
AGRIGULTURA,3,944,HEREDIA,GRANDE,0,0,0,525,0,11734633
BIENES RAICES,4,794,LIMON,GRANDE,1,1,466,878,2,2307847
COMERCIO,6,681,LIMON,PEQUE헤,0,0,0,13,0,120015
HOTELERIA,1,146,HEREDIA,PYMES,0,0,0,3,0,42150
MANUFACTURA,5,1284,SAN JOSE,PEQUE헤,2,1,30,12,1,273850
HOTELERIA,1,680,PUNTARENAS,MEDIANA,0,0,0,79,0,566146
BIENES RAICES,4,1530,ALAJUELA,PEQUE헤,4,1,23,32,4,112022
HOTELERIA,1,310,ALAJUELA,GRANDE,3,1,421,425,1,5481835
BIENES RAICES,4,1418,CARTAGO,GRANDE,1,1,350,276,3,8649666
MANUFACTURA,5,1668,SAN JOSE,PEQUE헤,0,0,0,11,0,239886
COMERCIO,6,764,GUANACASTE,PEQUE헤,3,1,35,27,2,330317
MANUFACTURA,5,409,LIMON,MEDIANA,3,1,72,78,0,987885
SERVICIOS,2,1307,PUNTARENAS,PYMES,1,1,8,9,2,118684
COMERCIO,6,550,ALAJUELA,GRANDE,0,0,0,540,0,16141544
SERVICIOS,2,763,PUNTARENAS,PEQUE헤,0,0,0,31,0,171933
COMERCIO,6,372,SAN JOSE,PEQUE헤,4,1,29,19,4,347259
AGRIGULTURA,3,1560,SAN JOSE,GRANDE,2,1,574,425,4,12977409
HOTELERIA,1,1094,PUNTARENAS,PYMES,3,1,2,9,0,18595
COMERCIO,6,413,ALAJUELA,PYMES,0,0,0,7,0,50023
BIENES RAICES,4,1193,HEREDIA,PEQUE헤,4,1,22,15,3,339472
MANUFACTURA,5,298,SAN JOSE,GRANDE,0,0,0,744,0,7353644
SERVICIOS,2,1195,SAN JOSE,GRANDE,3,1,917,711,0,19359543
SERVICIOS,2,34,ALAJUELA,PEQUE헤,2,1,34,20,1,244979
MANUFACTURA,5,101,ALAJUELA,PYMES,0,0,0,8,0,61501
HOTELERIA,1,1048,HEREDIA,MEDIANA,1,1,55,57,0,1155512
BIENES RAICES,4,966,ALAJUELA,PYMES,2,1,9,8,0,79306
HOTELERIA,1,1104,ALAJUELA,MEDIANA,0,0,0,90,0,604400
BIENES RAICES,4,224,LIMON,PEQUE헤,2,1,10,28,1,300823
AGRIGULTURA,3,919,ALAJUELA,PEQUE헤,0,0,0,22,0,389607
HOTELERIA,1,1617,PUNTARENAS,MEDIANA,0,0,0,60,0,1112929
SERVICIOS,2,1610,PUNTARENAS,MEDIANA,3,1,64,57,3,395645
AGRIGULTURA,3,636,LIMON,MEDIANA,1,1,60,100,4,648077
SERVICIOS,2,572,PUNTARENAS,PYMES,1,1,7,6,4,44130
AGRIGULTURA,3,433,GUANACASTE,GRANDE,2,1,446,462,4,5793277
COMERCIO,6,112,SAN JOSE,MEDIANA,4,1,95,80,1,375196
BIENES RAICES,4,1358,ALAJUELA,PYMES,0,0,0,4,0,118826
MANUFACTURA,5,1647,CARTAGO,GRANDE,2,1,183,900,0,1841219
BIENES RAICES,4,1466,PUNTARENAS,PEQUE헤,3,1,31,29,4,206256
AGRIGULTURA,3,876,HEREDIA,PYMES,0,0,0,6,0,53058
COMERCIO,6,233,SAN JOSE,GRANDE,2,1,135,803,3,2697755
HOTELERIA,1,575,PUNTARENAS,PYMES,2,1,8,7,2,93296
HOTELERIA,1,374,HEREDIA,MEDIANA,3,1,78,98,1,1169106
BIENES RAICES,4,1040,HEREDIA,PYMES,0,0,0,3,0,45994
HOTELERIA,1,775,ALAJUELA,GRANDE,4,1,558,402,3,20331514
HOTELERIA,1,1129,LIMON,PYMES,0,0,0,8,0,31452
HOTELERIA,1,683,CARTAGO,MEDIANA,3,1,76,53,2,525061
HOTELERIA,1,1235,ALAJUELA,GRANDE,4,1,543,726,1,14190267
MANUFACTURA,5,1552,PUNTARENAS,PEQUE헤,1,1,17,15,1,412126
HOTELERIA,1,122,HEREDIA,GRANDE,0,0,0,470,0,9573467
SERVICIOS,2,1599,HEREDIA,MEDIANA,1,1,100,74,3,377557
HOTELERIA,1,924,GUANACASTE,PYMES,1,1,2,7,0,51665
SERVICIOS,2,982,SAN JOSE,GRANDE,2,1,455,243,0,9292499
AGRIGULTURA,3,805,ALAJUELA,PEQUE헤,0,0,0,20,0,270910
MANUFACTURA,5,362,PUNTARENAS,GRANDE,2,1,860,893,2,24219007
BIENES RAICES,4,535,HEREDIA,PEQUE헤,0,0,0,35,0,204248
SERVICIOS,2,766,SAN JOSE,MEDIANA,3,1,77,62,2,448085
COMERCIO,6,769,ALAJUELA,PEQUE헤,0,0,0,27,0,385552
AGRIGULTURA,3,95,LIMON,PYMES,4,1,6,6,2,29933
COMERCIO,6,107,LIMON,GRANDE,4,1,177,445,0,1408175
AGRIGULTURA,3,879,SAN JOSE,GRANDE,0,0,0,503,0,13952379
AGRIGULTURA,3,1404,SAN JOSE,PYMES,0,0,0,4,0,41616
AGRIGULTURA,3,1410,LIMON,PYMES,3,1,4,8,1,65938
MANUFACTURA,5,312,PUNTARENAS,PYMES,2,1,8,9,3,19299
MANUFACTURA,5,214,ALAJUELA,GRANDE,3,1,572,572,1,20245720
COMERCIO,6,1316,SAN JOSE,PYMES,0,0,0,7,0,13873
COMERCIO,6,1419,GUANACASTE,PEQUE헤,0,0,0,30,0,332875
COMERCIO,6,245,PUNTARENAS,PYMES,3,1,9,7,2,115999
SERVICIOS,2,29,PUNTARENAS,PYMES,0,0,0,4,0,50904
BIENES RAICES,4,1713,SAN JOSE,MEDIANA,1,1,39,83,3,900657
HOTELERIA,1,1072,PUNTARENAS,PEQUE헤,3,1,35,27,3,384707
MANUFACTURA,5,1691,GUANACASTE,GRANDE,1,1,500,536,1,14866531
SERVICIOS,2,1721,SAN JOSE,MEDIANA,0,0,0,71,0,351864
BIENES RAICES,4,287,PUNTARENAS,PYMES,0,0,0,4,0,22225
MANUFACTURA,5,1502,GUANACASTE,PYMES,1,1,9,4,4,93891
COMERCIO,6,483,HEREDIA,PEQUE헤,3,1,30,21,4,295358
SERVICIOS,2,910,GUANACASTE,GRANDE,1,1,552,595,3,16290947
MANUFACTURA,5,322,HEREDIA,GRANDE,0,0,0,442,0,5536603
COMERCIO,6,203,CARTAGO,PYMES,4,1,2,4,2,111841
COMERCIO,6,1500,PUNTARENAS,GRANDE,0,0,0,602,0,9121724
HOTELERIA,1,510,CARTAGO,PYMES,1,1,2,5,3,115138
MANUFACTURA,5,1122,HEREDIA,GRANDE,0,0,0,118,0,11292473
HOTELERIA,1,410,LIMON,GRANDE,0,0,0,750,0,13117099
SERVICIOS,2,1060,PUNTARENAS,MEDIANA,0,0,0,90,0,1132617
SERVICIOS,2,293,LIMON,PEQUE헤,0,0,0,27,0,410359
COMERCIO,6,1420,LIMON,MEDIANA,2,1,45,47,4,652877
BIENES RAICES,4,1566,LIMON,PYMES,4,1,3,6,2,39743
HOTELERIA,1,1422,ALAJUELA,PYMES,2,1,6,8,4,34847
SERVICIOS,2,631,GUANACASTE,PEQUE헤,0,0,0,31,0,223010
COMERCIO,6,21,HEREDIA,PYMES,0,0,0,6,0,27594
HOTELERIA,1,1145,SAN JOSE,MEDIANA,0,0,0,67,0,504399
MANUFACTURA,5,1447,PUNTARENAS,MEDIANA,0,0,0,57,0,1067087
AGRIGULTURA,3,368,LIMON,PEQUE헤,4,1,23,17,2,117841
BIENES RAICES,4,705,LIMON,MEDIANA,0,0,0,72,0,853022
MANUFACTURA,5,548,CARTAGO,PYMES,3,1,6,4,1,114839
SERVICIOS,2,154,CARTAGO,PEQUE헤,3,1,25,15,4,405976
SERVICIOS,2,840,CARTAGO,PYMES,0,0,0,3,0,102112
BIENES RAICES,4,285,PUNTARENAS,GRANDE,0,0,0,805,0,19736615
HOTELERIA,1,1373,CARTAGO,MEDIANA,0,0,0,91,0,951557
BIENES RAICES,4,1524,ALAJUELA,MEDIANA,0,0,0,39,0,933323
HOTELERIA,1,165,CARTAGO,MEDIANA,0,0,0,45,0,815223
COMERCIO,6,558,CARTAGO,PEQUE헤,0,0,0,31,0,411853
COMERCIO,6,770,LIMON,PYMES,2,1,3,7,2,43876
AGRIGULTURA,3,555,ALAJUELA,MEDIANA,0,0,0,43,0,443180
HOTELERIA,1,890,PUNTARENAS,PEQUE헤,0,0,0,20,0,318283
SERVICIOS,2,1508,ALAJUELA,GRANDE,4,1,155,242,4,8429172
HOTELERIA,1,468,HEREDIA,GRANDE,1,1,820,583,0,13633319
HOTELERIA,1,48,ALAJUELA,PYMES,2,1,4,8,1,116108
BIENES RAICES,4,1110,PUNTARENAS,GRANDE,1,1,549,729,1,24094480
BIENES RAICES,4,1637,CARTAGO,MEDIANA,0,0,0,60,0,855149
MANUFACTURA,5,853,SAN JOSE,MEDIANA,3,1,38,93,1,945720
AGRIGULTURA,3,723,GUANACASTE,PEQUE헤,0,0,0,32,0,272445
AGRIGULTURA,3,588,SAN JOSE,GRANDE,0,0,0,259,0,3224377
COMERCIO,6,1191,CARTAGO,MEDIANA,2,1,95,48,2,385215
SERVICIOS,2,1087,PUNTARENAS,GRANDE,2,1,896,680,1,13052691
AGRIGULTURA,3,1423,PUNTARENAS,GRANDE,2,1,447,583,4,3150723
COMERCIO,6,36,HEREDIA,MEDIANA,0,0,0,100,0,374912
COMERCIO,6,707,CARTAGO,GRANDE,1,1,514,222,2,15506753
COMERCIO,6,832,HEREDIA,PEQUE헤,2,1,11,24,0,100034
HOTELERIA,1,328,SAN JOSE,GRANDE,3,1,819,837,0,12940934
COMERCIO,6,1065,ALAJUELA,GRANDE,0,0,0,166,0,20055045
AGRIGULTURA,3,1165,SAN JOSE,GRANDE,2,1,807,708,1,20000843
BIENES RAICES,4,1125,ALAJUELA,PYMES,1,1,5,8,0,100189
MANUFACTURA,5,484,PUNTARENAS,GRANDE,2,1,255,316,2,4283388
COMERCIO,6,1506,CARTAGO,GRANDE,0,0,0,905,0,22368322
HOTELERIA,1,1205,GUANACASTE,PEQUE헤,2,1,23,26,0,288473
BIENES RAICES,4,1144,PUNTARENAS,GRANDE,0,0,0,288,0,18969503
AGRIGULTURA,3,143,PUNTARENAS,PEQUE헤,0,0,0,14,0,182703
COMERCIO,6,1399,CARTAGO,MEDIANA,4,1,55,81,3,361270
SERVICIOS,2,316,GUANACASTE,PYMES,4,1,7,6,1,24530
SERVICIOS,2,133,ALAJUELA,GRANDE,1,1,877,722,4,14563394
SERVICIOS,2,815,SAN JOSE,PEQUE헤,0,0,0,22,0,242993
MANUFACTURA,5,1203,HEREDIA,PEQUE헤,0,0,0,25,0,119613
SERVICIOS,2,962,CARTAGO,PYMES,1,1,8,7,4,57743
HOTELERIA,1,1685,GUANACASTE,MEDIANA,3,1,62,94,1,1185830
BIENES RAICES,4,540,ALAJUELA,MEDIANA,2,1,77,90,1,614579
HOTELERIA,1,590,LIMON,MEDIANA,2,1,94,36,3,1156609
HOTELERIA,1,799,GUANACASTE,PYMES,2,1,8,9,3,68940
MANUFACTURA,5,405,CARTAGO,PYMES,0,0,0,4,0,103312
AGRIGULTURA,3,425,HEREDIA,PEQUE헤,0,0,0,18,0,285992
HOTELERIA,1,400,CARTAGO,PYMES,0,0,0,3,0,26317
BIENES RAICES,4,1722,GUANACASTE,MEDIANA,2,1,81,77,4,795745
AGRIGULTURA,3,901,LIMON,PEQUE헤,0,0,0,31,0,313249
SERVICIOS,2,509,HEREDIA,PYMES,0,0,0,7,0,49259
BIENES RAICES,4,1127,CARTAGO,GRANDE,0,0,0,148,0,9760510
MANUFACTURA,5,57,CARTAGO,GRANDE,1,1,588,879,1,23595279
MANUFACTURA,5,23,SAN JOSE,PYMES,4,1,7,3,4,56965
BIENES RAICES,4,1415,LIMON,PEQUE헤,1,1,35,18,4,143163
BIENES RAICES,4,584,ALAJUELA,GRANDE,4,1,173,162,0,7105837
AGRIGULTURA,3,273,HEREDIA,MEDIANA,2,1,65,73,4,1022839
BIENES RAICES,4,43,ALAJUELA,GRANDE,0,0,0,180,0,17705989
SERVICIOS,2,392,SAN JOSE,GRANDE,2,1,214,684,0,8022917
HOTELERIA,1,672,SAN JOSE,PEQUE헤,0,0,0,13,0,331001
AGRIGULTURA,3,1497,CARTAGO,GRANDE,4,1,408,519,1,4295059
COMERCIO,6,381,SAN JOSE,GRANDE,0,0,0,326,0,10852671
COMERCIO,6,645,ALAJUELA,GRANDE,0,0,0,441,0,21380696
AGRIGULTURA,3,867,SAN JOSE,GRANDE,0,0,0,370,0,12378920
HOTELERIA,1,523,HEREDIA,PYMES,3,1,3,9,4,107555
SERVICIOS,2,1653,LIMON,GRANDE,0,0,0,187,0,9564826
MANUFACTURA,5,1141,SAN JOSE,PEQUE헤,2,1,17,11,0,299527
SERVICIOS,2,213,GUANACASTE,PYMES,0,0,0,4,0,54170
HOTELERIA,1,299,HEREDIA,PYMES,0,0,0,6,0,17975
AGRIGULTURA,3,1475,ALAJUELA,GRANDE,0,0,0,386,0,1043640
SERVICIOS,2,390,PUNTARENAS,GRANDE,0,0,0,614,0,22156655
BIENES RAICES,4,1218,HEREDIA,PEQUE헤,3,1,27,11,4,384839
AGRIGULTURA,3,341,HEREDIA,GRANDE,1,1,177,251,3,7872614
BIENES RAICES,4,696,GUANACASTE,PEQUE헤,0,0,0,33,0,340590
SERVICIOS,2,997,PUNTARENAS,GRANDE,2,1,589,928,0,15046080
SERVICIOS,2,1689,SAN JOSE,MEDIANA,3,1,61,81,1,1079508
HOTELERIA,1,1011,CARTAGO,MEDIANA,0,0,0,80,0,355154
HOTELERIA,1,1339,ALAJUELA,PYMES,2,1,6,4,1,95010
HOTELERIA,1,123,LIMON,PYMES,0,0,0,9,0,29352
AGRIGULTURA,3,735,HEREDIA,GRANDE,0,0,0,337,0,1442670
AGRIGULTURA,3,545,ALAJUELA,GRANDE,0,0,0,530,0,1426279
BIENES RAICES,4,1095,ALAJUELA,PYMES,4,1,6,6,1,117073
MANUFACTURA,5,1457,PUNTARENAS,GRANDE,0,0,0,672,0,21860671
COMERCIO,6,831,PUNTARENAS,PYMES,0,0,0,7,0,67206
SERVICIOS,2,1243,ALAJUELA,PEQUE헤,0,0,0,31,0,131080
SERVICIOS,2,857,GUANACASTE,MEDIANA,3,1,81,51,3,852780
COMERCIO,6,471,ALAJUELA,MEDIANA,3,1,89,68,1,607989
SERVICIOS,2,804,ALAJUELA,PEQUE헤,1,1,21,24,3,191229
MANUFACTURA,5,712,LIMON,GRANDE,1,1,908,984,0,23713600
AGRIGULTURA,3,706,CARTAGO,GRANDE,0,0,0,547,0,2247918
BIENES RAICES,4,725,GUANACASTE,PYMES,0,0,0,4,0,107558
SERVICIOS,2,105,CARTAGO,PYMES,1,1,4,5,2,72298
HOTELERIA,1,779,LIMON,PEQUE헤,1,1,16,10,1,296538
SERVICIOS,2,1295,GUANACASTE,MEDIANA,4,1,77,59,2,755807
HOTELERIA,1,790,HEREDIA,GRANDE,0,0,0,710,0,8214406
AGRIGULTURA,3,1498,SAN JOSE,MEDIANA,4,1,46,62,4,733037
BIENES RAICES,4,58,SAN JOSE,PYMES,0,0,0,7,0,109104
MANUFACTURA,5,1337,SAN JOSE,MEDIANA,1,1,86,57,2,1006698
AGRIGULTURA,3,1021,LIMON,PEQUE헤,0,0,0,13,0,287054
SERVICIOS,2,237,SAN JOSE,PEQUE헤,3,1,33,33,2,300103
BIENES RAICES,4,729,GUANACASTE,MEDIANA,3,1,54,88,4,448722
HOTELERIA,1,1441,PUNTARENAS,PYMES,1,1,3,4,1,124605
MANUFACTURA,5,415,LIMON,MEDIANA,2,1,65,36,4,962786
BIENES RAICES,4,53,LIMON,PEQUE헤,2,1,13,29,4,222518
AGRIGULTURA,3,75,LIMON,PEQUE헤,2,1,24,17,3,213353
HOTELERIA,1,1536,GUANACASTE,GRANDE,1,1,537,847,4,23269801
AGRIGULTURA,3,78,CARTAGO,GRANDE,0,0,0,601,0,5010948
COMERCIO,6,1236,CARTAGO,MEDIANA,2,1,45,68,0,704768
SERVICIOS,2,446,GUANACASTE,MEDIANA,0,0,0,43,0,1089788
BIENES RAICES,4,98,ALAJUELA,MEDIANA,2,1,44,63,1,952947
COMERCIO,6,174,GUANACASTE,GRANDE,3,1,313,709,1,7010203
HOTELERIA,1,777,CARTAGO,PEQUE헤,0,0,0,17,0,275751
AGRIGULTURA,3,1368,PUNTARENAS,PYMES,0,0,0,6,0,38974
COMERCIO,6,597,SAN JOSE,MEDIANA,4,1,46,100,2,771973
HOTELERIA,1,87,PUNTARENAS,PYMES,0,0,0,9,0,77471
BIENES RAICES,4,1519,LIMON,MEDIANA,2,1,46,100,1,1063156
AGRICULTURA,3,450,LIMON,PEQUE헤,0,0,0,13,0,370696
COMERCIO,6,398,PUNTARENAS,PEQUE헤,2,1,11,14,4,136389
SERVICIOS,2,93,CARTAGO,PYMES,3,1,3,3,1,108131
MANUFACTURA,5,913,HEREDIA,PYMES,0,0,0,6,0,84097
COMERCIO,6,212,SAN JOSE,PEQUE헤,3,1,15,30,4,361971
SERVICIOS,2,1412,GUANACASTE,GRANDE,2,1,594,581,0,15180149
AGRICULTURA,3,1739,LIMON,PEQUE헤,4,1,34,29,0,275390
MANUFACTURA,5,206,GUANACASTE,MEDIANA,0,0,0,80,0,856722
HOTELERIA,1,18,LIMON,MEDIANA,3,1,42,65,1,639894
SERVICIOS,2,810,PUNTARENAS,PEQUE헤,3,1,17,18,1,135309
MANUFACTURA,5,1414,SAN JOSE,PYMES,4,1,8,9,0,41213
AGRICULTURA,3,682,PUNTARENAS,PEQUE헤,1,1,24,17,0,208519
COMERCIO,6,1711,GUANACASTE,PYMES,1,1,9,8,0,24465
HOTELERIA,1,835,HEREDIA,PYMES,0,0,0,3,0,24525
COMERCIO,6,765,ALAJUELA,PEQUE헤,2,1,13,33,4,420687
SERVICIOS,2,738,LIMON,MEDIANA,0,0,0,94,0,655624
AGRICULTURA,3,1234,LIMON,PEQUE헤,0,0,0,17,0,497769
COMERCIO,6,1064,LIMON,PEQUE헤,1,1,12,32,0,180062
COMERCIO,6,1343,SAN JOSE,PYMES,0,0,0,9,0,67311
HOTELERIA,1,1652,SAN JOSE,MEDIANA,0,0,0,43,0,838374
MANUFACTURA,5,423,GUANACASTE,MEDIANA,3,1,79,37,0,513695
BIENES RAICES,4,1476,ALAJUELA,PEQUE헤,0,0,0,19,0,174117
HOTELERIA,1,942,HEREDIA,PYMES,2,1,7,9,3,101061
AGRICULTURA,3,254,ALAJUELA,MEDIANA,2,1,94,60,4,620438
AGRICULTURA,3,1446,PUNTARENAS,GRANDE,1,1,364,813,4,4630388
COMERCIO,6,336,SAN JOSE,MEDIANA,1,1,75,55,4,703889
MANUFACTURA,5,959,ALAJUELA,PYMES,0,0,0,6,0,15157
BIENES RAICES,4,727,HEREDIA,PYMES,1,1,5,8,3,10881
HOTELERIA,1,250,GUANACASTE,MEDIANA,0,0,0,100,0,755934
HOTELERIA,1,1364,LIMON,PEQUE헤,2,1,26,15,1,408261
SERVICIOS,2,889,CARTAGO,PEQUE헤,4,1,25,26,4,198386
COMERCIO,6,679,CARTAGO,GRANDE,1,1,919,790,3,15571326
AGRICULTURA,3,295,HEREDIA,MEDIANA,1,1,94,40,4,1067455
COMERCIO,6,73,SAN JOSE,GRANDE,4,1,119,958,4,14279622
HOTELERIA,1,223,ALAJUELA,PYMES,0,0,0,9,0,87617
COMERCIO,6,1556,GUANACASTE,MEDIANA,2,1,41,83,0,812061
SERVICIOS,2,485,GUANACASTE,GRANDE,3,1,964,556,3,7128565
COMERCIO,6,801,SAN JOSE,PYMES,4,1,3,6,0,116842
MANUFACTURA,5,718,ALAJUELA,GRANDE,1,1,704,725,4,18738406
MANUFACTURA,5,445,SAN JOSE,MEDIANA,0,0,0,68,0,622066
SERVICIOS,2,349,SAN JOSE,PYMES,4,1,7,6,1,95111
SERVICIOS,2,264,CARTAGO,MEDIANA,2,1,84,51,0,1075790
AGRICULTURA,3,1531,GUANACASTE,PEQUE헤,0,0,0,29,0,410616
AGRICULTURA,3,81,LIMON,PYMES,2,1,6,8,3,58856
BIENES RAICES,4,202,GUANACASTE,PYMES,1,1,7,7,1,101175
HOTELERIA,1,1540,PUNTARENAS,MEDIANA,1,1,76,95,4,1167704
HOTELERIA,1,891,LIMON,GRANDE,0,0,0,133,0,17394017
AGRICULTURA,3,911,HEREDIA,PYMES,2,1,9,6,4,69880
BIENES RAICES,4,671,HEREDIA,MEDIANA,0,0,0,66,0,711621
COMERCIO,6,1615,GUANACASTE,MEDIANA,3,1,71,46,3,1057198
MANUFACTURA,5,346,PUNTARENAS,PYMES,4,1,5,7,0,35457
MANUFACTURA,5,1568,ALAJUELA,GRANDE,0,0,0,365,0,7101943
BIENES RAICES,4,1608,GUANACASTE,MEDIANA,0,0,0,45,0,1091734
HOTELERIA,1,800,LIMON,PEQUE헤,3,1,26,31,3,115827
COMERCIO,6,215,PUNTARENAS,MEDIANA,1,1,60,55,2,711669
COMERCIO,6,1580,PUNTARENAS,PEQUE헤,4,1,29,16,4,442842
BIENES RAICES,4,370,GUANACASTE,MEDIANA,3,1,54,46,4,1091121
MANUFACTURA,5,1083,ALAJUELA,PEQUE헤,0,0,0,14,0,433092
COMERCIO,6,834,ALAJUELA,PYMES,3,1,7,5,4,100961
SERVICIOS,2,167,LIMON,PYMES,0,0,0,8,0,14138
SERVICIOS,2,1455,GUANACASTE,MEDIANA,0,0,0,67,0,1040357
BIENES RAICES,4,1318,SAN JOSE,GRANDE,0,0,0,761,0,18236520
COMERCIO,6,668,HEREDIA,MEDIANA,1,1,39,80,0,1130604
COMERCIO,6,990,HEREDIA,MEDIANA,2,1,83,78,3,711785
AGRICULTURA,3,961,ALAJUELA,MEDIANA,2,1,98,72,1,443391
AGRICULTURA,3,359,LIMON,MEDIANA,3,1,49,50,2,1000485
AGRICULTURA,3,1663,PUNTARENAS,MEDIANA,2,1,56,43,4,1197430
MANUFACTURA,5,788,SAN JOSE,MEDIANA,0,0,0,58,0,1023892
COMERCIO,6,1421,LIMON,PEQUE헤,0,0,0,20,0,443478
COMERCIO,6,861,SAN JOSE,GRANDE,0,0,0,880,0,7516223
SERVICIOS,2,858,SAN JOSE,MEDIANA,2,1,89,98,2,879685
HOTELERIA,1,140,CARTAGO,PYMES,0,0,0,6,0,88824
BIENES RAICES,4,1645,LIMON,PYMES,0,0,0,3,0,33487
BIENES RAICES,4,1045,HEREDIA,GRANDE,0,0,0,272,0,19501691
BIENES RAICES,4,1632,ALAJUELA,PEQUE헤,1,1,35,30,1,174748
HOTELERIA,1,384,CARTAGO,PYMES,2,1,4,3,2,64361
HOTELERIA,1,544,ALAJUELA,GRANDE,1,1,138,381,3,22870429
HOTELERIA,1,1304,CARTAGO,PEQUE헤,2,1,26,30,1,375646
HOTELERIA,1,1166,ALAJUELA,MEDIANA,4,1,37,62,1,757859
HOTELERIA,1,1474,ALAJUELA,MEDIANA,0,0,0,89,0,1123829
SERVICIOS,2,750,ALAJUELA,PYMES,0,0,0,6,0,83264
SERVICIOS,2,1597,PUNTARENAS,MEDIANA,0,0,0,98,0,927674
SERVICIOS,2,99,PUNTARENAS,PYMES,1,1,7,7,1,20009
HOTELERIA,1,915,HEREDIA,MEDIANA,1,1,88,61,0,1054473
SERVICIOS,2,1534,LIMON,PEQUE헤,1,1,25,10,0,345146
MANUFACTURA,5,1736,PUNTARENAS,MEDIANA,0,0,0,37,0,612996
MANUFACTURA,5,635,ALAJUELA,PEQUE헤,0,0,0,20,0,254300
BIENES RAICES,4,687,GUANACASTE,MEDIANA,0,0,0,52,0,722199
COMERCIO,6,1332,PUNTARENAS,PEQUE헤,0,0,0,24,0,386563
SERVICIOS,2,388,PUNTARENAS,GRANDE,0,0,0,370,0,10462035
BIENES RAICES,4,196,PUNTARENAS,MEDIANA,2,1,50,83,2,1079118
HOTELERIA,1,442,ALAJUELA,PYMES,0,0,0,6,0,36873
SERVICIOS,2,1495,ALAJUELA,PEQUE헤,1,1,24,25,4,234333
MANUFACTURA,5,1470,HEREDIA,GRANDE,3,1,925,793,0,2862460
HOTELERIA,1,1189,ALAJUELA,PEQUE헤,0,0,0,35,0,186236
COMERCIO,6,1262,ALAJUELA,PYMES,0,0,0,7,0,56055
MANUFACTURA,5,819,GUANACASTE,MEDIANA,0,0,0,77,0,1120538
AGRICULTURA,3,560,SAN JOSE,PEQUE헤,0,0,0,27,0,440291
AGRICULTURA,3,650,LIMON,GRANDE,3,1,918,517,3,11120942
HOTELERIA,1,320,PUNTARENAS,MEDIANA,2,1,65,73,0,1180533
COMERCIO,6,324,LIMON,MEDIANA,1,1,51,42,4,1095044
COMERCIO,6,1499,SAN JOSE,MEDIANA,3,1,42,64,0,675934
MANUFACTURA,5,767,ALAJUELA,PEQUE헤,1,1,20,32,4,402033
MANUFACTURA,5,1651,SAN JOSE,PYMES,0,0,0,6,0,52990
BIENES RAICES,4,1577,HEREDIA,GRANDE,0,0,0,504,0,14503575
HOTELERIA,1,900,LIMON,PEQUE헤,3,1,16,25,4,146645
SERVICIOS,2,1670,HEREDIA,GRANDE,0,0,0,549,0,12562392
BIENES RAICES,4,183,ALAJUELA,PEQUE헤,4,1,27,13,2,367517
AGRICULTURA,3,115,SAN JOSE,PEQUE헤,0,0,0,10,0,448882
BIENES RAICES,4,1660,LIMON,PYMES,0,0,0,8,0,47417
MANUFACTURA,5,192,LIMON,MEDIANA,0,0,0,61,0,795515
COMERCIO,6,877,LIMON,GRANDE,1,1,727,532,2,2910796
SERVICIOS,2,1728,ALAJUELA,PYMES,4,1,5,8,3,62603
MANUFACTURA,5,1197,SAN JOSE,GRANDE,0,0,0,976,0,12985320
COMERCIO,6,986,LIMON,MEDIANA,2,1,41,72,1,1152429
BIENES RAICES,4,1391,SAN JOSE,MEDIANA,0,0,0,80,0,1113312
MANUFACTURA,5,1283,ALAJUELA,GRANDE,0,0,0,705,0,11537653
COMERCIO,6,845,LIMON,GRANDE,0,0,0,800,0,20311035
SERVICIOS,2,251,PUNTARENAS,MEDIANA,0,0,0,93,0,496085
COMERCIO,6,1489,GUANACASTE,PYMES,2,1,6,3,2,86804
HOTELERIA,1,420,SAN JOSE,MEDIANA,0,0,0,59,0,813581
AGRICULTURA,3,1407,LIMON,PYMES,4,1,6,8,4,54449
SERVICIOS,2,503,SAN JOSE,GRANDE,1,1,285,232,0,1171425
MANUFACTURA,5,270,CARTAGO,PYMES,0,0,0,6,0,63879
BIENES RAICES,4,313,SAN JOSE,MEDIANA,4,1,59,63,1,1112389
COMERCIO,6,1734,HEREDIA,GRANDE,4,1,973,879,4,15627494
BIENES RAICES,4,1308,LIMON,MEDIANA,1,1,40,47,0,1197238
HOTELERIA,1,506,PUNTARENAS,PEQUE헤,2,1,35,15,3,361310
BIENES RAICES,4,50,HEREDIA,PEQUE헤,1,1,22,23,4,177582
AGRICULTURA,3,970,PUNTARENAS,PYMES,2,1,9,4,0,115445
AGRICULTURA,3,1002,CARTAGO,GRANDE,1,1,544,449,2,21790391
SERVICIOS,2,1403,GUANACASTE,PYMES,0,0,0,7,0,38107
BIENES RAICES,4,205,CARTAGO,GRANDE,1,1,578,240,4,24023587
SERVICIOS,2,833,SAN JOSE,MEDIANA,0,0,0,82,0,1095658
AGRICULTURA,3,869,GUANACASTE,PEQUE헤,0,0,0,30,0,232541
MANUFACTURA,5,1267,SAN JOSE,GRANDE,0,0,0,264,0,2908588
AGRICULTURA,3,1385,ALAJUELA,MEDIANA,0,0,0,48,0,990696
MANUFACTURA,5,39,ALAJUELA,PEQUE헤,0,0,0,22,0,164672
MANUFACTURA,5,1271,SAN JOSE,PEQUE헤,2,1,15,19,4,351709
AGRICULTURA,3,985,LIMON,MEDIANA,0,0,0,36,0,644934
HOTELERIA,1,1623,LIMON,PEQUE헤,0,0,0,21,0,484455
BIENES RAICES,4,651,HEREDIA,GRANDE,0,0,0,974,0,10544478
AGRICULTURA,3,56,GUANACASTE,GRANDE,0,0,0,869,0,23773609
HOTELERIA,1,1496,PUNTARENAS,PEQUE헤,1,1,28,22,2,238273
COMERCIO,6,461,HEREDIA,PYMES,3,1,6,4,0,28722
SERVICIOS,2,1229,GUANACASTE,MEDIANA,3,1,56,97,2,1161105
MANUFACTURA,5,418,HEREDIA,PYMES,2,1,4,3,0,106793
BIENES RAICES,4,51,SAN JOSE,MEDIANA,2,1,96,39,4,967848
BIENES RAICES,4,1062,ALAJUELA,PEQUE헤,0,0,0,32,0,340260
SERVICIOS,2,54,PUNTARENAS,PYMES,0,0,0,6,0,65391
COMERCIO,6,1699,HEREDIA,PEQUE헤,3,1,14,32,3,209754
COMERCIO,6,1306,GUANACASTE,PYMES,0,0,0,6,0,38617
MANUFACTURA,5,338,GUANACASTE,PEQUE헤,0,0,0,22,0,236274
HOTELERIA,1,897,SAN JOSE,PYMES,0,0,0,3,0,52988
COMERCIO,6,638,CARTAGO,GRANDE,2,1,974,374,1,3234754
BIENES RAICES,4,684,ALAJUELA,GRANDE,0,0,0,545,0,9881337
MANUFACTURA,5,1311,HEREDIA,MEDIANA,0,0,0,75,0,1179120
BIENES RAICES,4,1594,HEREDIA,MEDIANA,3,1,70,54,3,1111876
AGRICULTURA,3,1604,PUNTARENAS,PYMES,0,0,0,4,0,35433
SERVICIOS,2,1522,ALAJUELA,PEQUE헤,0,0,0,21,0,177459
HOTELERIA,1,647,ALAJUELA,GRANDE,0,0,0,746,0,21047665
BIENES RAICES,4,145,GUANACASTE,PYMES,2,1,8,5,0,75522
HOTELERIA,1,1207,SAN JOSE,GRANDE,0,0,0,118,0,4558974
HOTELERIA,1,747,ALAJUELA,GRANDE,3,1,944,686,2,2411952
MANUFACTURA,5,1654,ALAJUELA,MEDIANA,2,1,68,78,3,1055741
HOTELERIA,1,674,LIMON,PEQUE헤,0,0,0,10,0,264543
BIENES RAICES,4,1328,HEREDIA,PYMES,3,1,3,5,2,103636
COMERCIO,6,1000,LIMON,GRANDE,0,0,0,195,0,3707030
COMERCIO,6,1249,LIMON,PEQUE헤,0,0,0,18,0,453926
SERVICIOS,2,1571,LIMON,PYMES,2,1,7,4,4,12336
BIENES RAICES,4,547,HEREDIA,GRANDE,3,1,228,871,4,16327521
AGRICULTURA,3,980,HEREDIA,PEQUE헤,0,0,0,35,0,295682
MANUFACTURA,5,969,CARTAGO,PYMES,0,0,0,4,0,107970
AGRICULTURA,3,1619,LIMON,PEQUE헤,0,0,0,11,0,172129
COMERCIO,6,703,SAN JOSE,PEQUE헤,1,1,12,20,1,273435
MANUFACTURA,5,1035,PUNTARENAS,GRANDE,0,0,0,469,0,7222763
HOTELERIA,1,156,GUANACASTE,PEQUE헤,0,0,0,17,0,408246
COMERCIO,6,337,ALAJUELA,PEQUE헤,0,0,0,25,0,357783
SERVICIOS,2,69,SAN JOSE,PYMES,3,1,7,5,3,17254
MANUFACTURA,5,1655,SAN JOSE,MEDIANA,0,0,0,47,0,550927
COMERCIO,6,363,CARTAGO,MEDIANA,3,1,56,99,2,1090895
MANUFACTURA,5,1554,CARTAGO,GRANDE,2,1,569,866,0,10815808
BIENES RAICES,4,458,HEREDIA,PEQUE헤,3,1,19,11,4,117852
MANUFACTURA,5,917,LIMON,PEQUE헤,0,0,0,31,0,134108
HOTELERIA,1,1313,SAN JOSE,GRANDE,4,1,432,828,4,13062094
SERVICIOS,2,1428,ALAJUELA,PEQUE헤,2,1,14,21,3,443926
HOTELERIA,1,1186,GUANACASTE,PEQUE헤,1,1,22,29,0,210866
AGRICULTURA,3,1424,ALAJUELA,MEDIANA,2,1,37,85,1,812637
HOTELERIA,1,1322,CARTAGO,GRANDE,0,0,0,300,0,22566312
SERVICIOS,2,551,HEREDIA,GRANDE,1,1,913,462,0,11902474
HOTELERIA,1,121,PUNTARENAS,GRANDE,4,1,780,220,1,17167728
BIENES RAICES,4,160,SAN JOSE,PYMES,0,0,0,5,0,25421
AGRICULTURA,3,670,GUANACASTE,GRANDE,0,0,0,481,0,6986463
AGRICULTURA,3,235,HEREDIA,GRANDE,3,1,924,901,2,1521468
MANUFACTURA,5,342,ALAJUELA,MEDIANA,1,1,83,41,0,969675
BIENES RAICES,4,730,PUNTARENAS,PYMES,3,1,7,5,1,59027
MANUFACTURA,5,1008,PUNTARENAS,PEQUE헤,2,1,35,22,4,468181
SERVICIOS,2,304,GUANACASTE,PEQUE헤,0,0,0,35,0,207999
COMERCIO,6,42,CARTAGO,PEQUE헤,0,0,0,34,0,247333
COMERCIO,6,818,SAN JOSE,MEDIANA,3,1,36,46,3,880726
HOTELERIA,1,576,GUANACASTE,PEQUE헤,0,0,0,14,0,414009
SERVICIOS,2,1737,ALAJUELA,PYMES,0,0,0,9,0,49041
HOTELERIA,1,1102,LIMON,MEDIANA,0,0,0,92,0,1074577
HOTELERIA,1,227,CARTAGO,MEDIANA,0,0,0,89,0,954431
COMERCIO,6,1257,LIMON,MEDIANA,0,0,0,46,0,500784
MANUFACTURA,5,1113,HEREDIA,GRANDE,3,1,668,298,0,5175553
COMERCIO,6,691,LIMON,GRANDE,0,0,0,960,0,13104468
MANUFACTURA,5,812,CARTAGO,PEQUE헤,2,1,30,32,1,471796
SERVICIOS,2,666,ALAJUELA,PEQUE헤,0,0,0,14,0,283023
AGRICULTURA,3,272,CARTAGO,PYMES,0,0,0,3,0,75407
AGRICULTURA,3,894,ALAJUELA,GRANDE,0,0,0,443,0,12084595
HOTELERIA,1,180,GUANACASTE,PYMES,2,1,7,4,3,116650
BIENES RAICES,4,77,PUNTARENAS,PEQUE헤,2,1,16,23,0,364876
MANUFACTURA,5,1323,LIMON,MEDIANA,2,1,83,100,4,671123
AGRICULTURA,3,1453,LIMON,PYMES,3,1,3,9,2,77873
AGRICULTURA,3,530,GUANACASTE,GRANDE,4,1,107,290,2,11656864
SERVICIOS,2,1432,HEREDIA,MEDIANA,0,0,0,38,0,604443
SERVICIOS,2,1179,GUANACASTE,GRANDE,0,0,0,825,0,8420438
COMERCIO,6,1333,LIMON,MEDIANA,0,0,0,39,0,735326
MANUFACTURA,5,17,GUANACASTE,MEDIANA,0,0,0,72,0,807465
BIENES RAICES,4,1043,HEREDIA,PEQUE헤,0,0,0,33,0,386332
SERVICIOS,2,113,CARTAGO,MEDIANA,0,0,0,76,0,745337
AGRICULTURA,3,619,ALAJUELA,PEQUE헤,0,0,0,33,0,445600
COMERCIO,6,491,SAN JOSE,MEDIANA,1,1,72,100,0,1020658
MANUFACTURA,5,1253,ALAJUELA,MEDIANA,2,1,98,47,1,1094602
MANUFACTURA,5,1417,GUANACASTE,MEDIANA,2,1,51,62,3,1050273
AGRICULTURA,3,669,PUNTARENAS,GRANDE,0,0,0,922,0,1788347
AGRICULTURA,3,1281,PUNTARENAS,PEQUE헤,0,0,0,33,0,360916
BIENES RAICES,4,260,PUNTARENAS,MEDIANA,0,0,0,96,0,607928
BIENES RAICES,4,153,PUNTARENAS,PYMES,4,1,5,3,1,46535
COMERCIO,6,1151,SAN JOSE,PYMES,0,0,0,5,0,12401
HOTELERIA,1,49,GUANACASTE,MEDIANA,2,1,38,43,1,769277
AGRICULTURA,3,749,SAN JOSE,MEDIANA,4,1,53,64,2,849927
MANUFACTURA,5,610,GUANACASTE,GRANDE,4,1,384,276,1,23306625
HOTELERIA,1,1068,PUNTARENAS,GRANDE,3,1,419,510,2,21994239
AGRICULTURA,3,571,HEREDIA,MEDIANA,0,0,0,54,0,648071
COMERCIO,6,887,HEREDIA,PYMES,3,1,9,8,1,103025
HOTELERIA,1,194,ALAJUELA,MEDIANA,2,1,99,75,2,1122893
AGRICULTURA,3,1118,PUNTARENAS,PEQUE헤,0,0,0,24,0,461182
MANUFACTURA,5,83,HEREDIA,PEQUE헤,2,1,16,13,0,292912
BIENES RAICES,4,488,SAN JOSE,PYMES,4,1,7,8,4,16636
BIENES RAICES,4,15,HEREDIA,PEQUE헤,2,1,10,24,3,166147
BIENES RAICES,4,333,GUANACASTE,MEDIANA,3,1,84,98,2,507041
BIENES RAICES,4,1638,SAN JOSE,GRANDE,0,0,0,892,0,18883217
SERVICIOS,2,874,HEREDIA,GRANDE,0,0,0,560,0,11850195
BIENES RAICES,4,1700,CARTAGO,MEDIANA,0,0,0,52,0,699641
BIENES RAICES,4,984,PUNTARENAS,MEDIANA,0,0,0,84,0,1103388
HOTELERIA,1,88,HEREDIA,PEQUE헤,0,0,0,12,0,164355
HOTELERIA,1,1131,PUNTARENAS,GRANDE,3,1,493,800,4,21163909
BIENES RAICES,4,329,SAN JOSE,GRANDE,3,1,570,634,4,14916578
AGRICULTURA,3,1050,ALAJUELA,PYMES,0,0,0,5,0,84441
HOTELERIA,1,594,HEREDIA,PEQUE헤,0,0,0,13,0,223890
AGRICULTURA,3,1220,GUANACASTE,GRANDE,0,0,0,876,0,22078668
MANUFACTURA,5,1096,SAN JOSE,PEQUE헤,1,1,19,22,3,497072
AGRICULTURA,3,715,CARTAGO,PEQUE헤,1,1,16,17,4,351194
MANUFACTURA,5,675,HEREDIA,PYMES,0,0,0,4,0,77829
MANUFACTURA,5,1687,ALAJUELA,PYMES,2,1,5,7,2,19551
MANUFACTURA,5,649,SAN JOSE,GRANDE,4,1,258,888,1,16120718
MANUFACTURA,5,317,SAN JOSE,PEQUE헤,1,1,10,16,2,181360
MANUFACTURA,5,111,ALAJUELA,GRANDE,2,1,647,478,1,14139261
BIENES RAICES,4,850,CARTAGO,PEQUE헤,4,1,13,11,3,201502
MANUFACTURA,5,504,ALAJUELA,PYMES,0,0,0,8,0,25953
COMERCIO,6,1595,PUNTARENAS,GRANDE,0,0,0,137,0,19376836
BIENES RAICES,4,1544,GUANACASTE,GRANDE,0,0,0,220,0,6910972
MANUFACTURA,5,1636,CARTAGO,PEQUE헤,1,1,15,15,1,459439
SERVICIOS,2,1378,GUANACASTE,PEQUE헤,1,1,35,16,0,164886
SERVICIOS,2,1510,SAN JOSE,GRANDE,3,1,621,787,0,14310562
COMERCIO,6,74,SAN JOSE,PEQUE헤,4,1,30,32,2,315243
COMERCIO,6,1025,GUANACASTE,PEQUE헤,0,0,0,30,0,170609
COMERCIO,6,148,HEREDIA,MEDIANA,0,0,0,62,0,1187422
COMERCIO,6,1482,PUNTARENAS,PYMES,2,1,4,3,2,36136
HOTELERIA,1,934,HEREDIA,PYMES,4,1,8,7,2,83551
BIENES RAICES,4,175,ALAJUELA,GRANDE,2,1,726,330,1,12450489
BIENES RAICES,4,701,HEREDIA,MEDIANA,1,1,56,49,4,746819
HOTELERIA,1,1028,ALAJUELA,PYMES,0,0,0,8,0,48274
HOTELERIA,1,1298,HEREDIA,GRANDE,1,1,415,221,1,7615775
MANUFACTURA,5,307,SAN JOSE,PEQUE헤,2,1,13,15,2,401039
MANUFACTURA,5,1626,CARTAGO,PEQUE헤,0,0,0,30,0,408383
MANUFACTURA,5,1437,GUANACASTE,PEQUE헤,0,0,0,10,0,441733
BIENES RAICES,4,1514,LIMON,PEQUE헤,0,0,0,18,0,176141
SERVICIOS,2,1733,SAN JOSE,GRANDE,0,0,0,153,0,3023387
SERVICIOS,2,1348,LIMON,MEDIANA,1,1,67,68,1,758272
COMERCIO,6,487,ALAJUELA,MEDIANA,0,0,0,65,0,1130715
SERVICIOS,2,444,PUNTARENAS,MEDIANA,0,0,0,43,0,798676
SERVICIOS,2,1285,CARTAGO,PEQUE헤,2,1,20,35,1,362284
HOTELERIA,1,1194,HEREDIA,PYMES,0,0,0,7,0,29443
COMERCIO,6,1429,CARTAGO,MEDIANA,4,1,95,68,0,1050367
BIENES RAICES,4,114,ALAJUELA,PYMES,0,0,0,8,0,11993
COMERCIO,6,933,GUANACASTE,PEQUE헤,2,1,15,24,2,267289
AGRICULTURA,3,1010,LIMON,GRANDE,0,0,0,749,0,2131404
SERVICIOS,2,760,LIMON,MEDIANA,2,1,94,89,3,1112692
COMERCIO,6,1480,ALAJUELA,PEQUE헤,4,1,16,13,3,433368
COMERCIO,6,1105,SAN JOSE,PEQUE헤,0,0,0,26,0,138059
SERVICIOS,2,937,HEREDIA,GRANDE,0,0,0,249,0,21207162
SERVICIOS,2,1299,HEREDIA,GRANDE,0,0,0,555,0,1884079
SERVICIOS,2,1015,HEREDIA,GRANDE,0,0,0,696,0,6948609
COMERCIO,6,1103,SAN JOSE,MEDIANA,3,1,58,45,3,1146403
COMERCIO,6,1624,GUANACASTE,MEDIANA,2,1,65,84,3,1183070
SERVICIOS,2,1085,PUNTARENAS,PYMES,4,1,5,9,4,70734
BIENES RAICES,4,1254,HEREDIA,GRANDE,0,0,0,489,0,3212451
BIENES RAICES,4,1227,SAN JOSE,MEDIANA,0,0,0,52,0,936497
SERVICIOS,2,1044,GUANACASTE,GRANDE,0,0,0,791,0,8235900
BIENES RAICES,4,1579,HEREDIA,PEQUE헤,0,0,0,28,0,415371
MANUFACTURA,5,1023,PUNTARENAS,PYMES,1,1,7,3,2,73986
SERVICIOS,2,1718,HEREDIA,GRANDE,3,1,230,725,2,5616690
HOTELERIA,1,734,GUANACASTE,MEDIANA,0,0,0,78,0,819857
SERVICIOS,2,373,GUANACASTE,PEQUE헤,1,1,30,29,2,439739
AGRICULTURA,3,926,CARTAGO,MEDIANA,1,1,72,63,3,458246
AGRICULTURA,3,979,PUNTARENAS,PEQUE헤,0,0,0,28,0,457777
MANUFACTURA,5,1124,CARTAGO,PYMES,4,1,9,7,4,24092
HOTELERIA,1,379,PUNTARENAS,GRANDE,3,1,242,627,3,13704527
MANUFACTURA,5,630,LIMON,GRANDE,4,1,349,510,2,5057874
AGRICULTURA,3,862,HEREDIA,GRANDE,0,0,0,863,0,4293670
COMERCIO,6,1019,PUNTARENAS,GRANDE,2,1,924,248,4,19295593
HOTELERIA,1,656,GUANACASTE,MEDIANA,0,0,0,53,0,1191064
AGRICULTURA,3,947,ALAJUELA,PYMES,1,1,3,6,0,39136
MANUFACTURA,5,125,SAN JOSE,MEDIANA,1,1,51,48,1,958997
BIENES RAICES,4,1174,GUANACASTE,PYMES,1,1,9,6,4,9300
SERVICIOS,2,489,CARTAGO,MEDIANA,0,0,0,66,0,959948
SERVICIOS,2,525,CARTAGO,MEDIANA,0,0,0,52,0,951219
MANUFACTURA,5,1128,CARTAGO,MEDIANA,1,1,66,72,0,579801
COMERCIO,6,1049,CARTAGO,PYMES,0,0,0,7,0,75340
MANUFACTURA,5,157,HEREDIA,PYMES,3,1,9,6,1,73744
HOTELERIA,1,126,HEREDIA,PEQUE헤,2,1,17,14,1,187524
COMERCIO,6,866,GUANACASTE,PYMES,2,1,4,6,1,55244
COMERCIO,6,1622,GUANACASTE,GRANDE,3,1,761,887,3,20628556
MANUFACTURA,5,512,SAN JOSE,PYMES,1,1,7,8,4,18142
MANUFACTURA,5,179,CARTAGO,PEQUE헤,0,0,0,23,0,120151
COMERCIO,6,1639,GUANACASTE,GRANDE,0,0,0,604,0,2948235
SERVICIOS,2,1342,PUNTARENAS,GRANDE,1,1,919,788,3,20900974
MANUFACTURA,5,722,CARTAGO,MEDIANA,0,0,0,80,0,990917
SERVICIOS,2,1153,HEREDIA,PYMES,0,0,0,6,0,74889
AGRICULTURA,3,826,SAN JOSE,PYMES,0,0,0,7,0,80148
AGRICULTURA,3,928,LIMON,GRANDE,1,1,672,168,3,20377839
HOTELERIA,1,1275,LIMON,GRANDE,0,0,0,700,0,3320887
MANUFACTURA,5,1442,CARTAGO,GRANDE,2,1,900,905,1,10363567
MANUFACTURA,5,841,PUNTARENAS,GRANDE,0,0,0,797,0,4790749
COMERCIO,6,470,PUNTARENAS,PEQUE헤,4,1,15,35,1,161635
AGRICULTURA,3,1325,HEREDIA,MEDIANA,2,1,74,89,3,1015008
BIENES RAICES,4,391,LIMON,MEDIANA,0,0,0,42,0,528392
BIENES RAICES,4,1601,CARTAGO,PYMES,3,1,5,4,4,37834
HOTELERIA,1,724,SAN JOSE,GRANDE,2,1,193,332,1,6003886
HOTELERIA,1,662,GUANACASTE,MEDIANA,0,0,0,49,0,706581
AGRICULTURA,3,1635,LIMON,MEDIANA,3,1,52,62,2,515674
COMERCIO,6,256,ALAJUELA,PYMES,0,0,0,6,0,52452
HOTELERIA,1,978,CARTAGO,MEDIANA,4,1,44,45,2,853211
BIENES RAICES,4,8,SAN JOSE,PEQUE헤,2,1,16,10,4,271775
AGRICULTURA,3,776,HEREDIA,MEDIANA,0,0,0,74,0,1057768
AGRICULTURA,3,1462,HEREDIA,PYMES,3,1,7,4,0,57210
SERVICIOS,2,1268,PUNTARENAS,PYMES,3,1,9,4,1,13860
HOTELERIA,1,813,HEREDIA,GRANDE,0,0,0,681,0,14743034
AGRICULTURA,3,1111,HEREDIA,GRANDE,0,0,0,893,0,11514553
BIENES RAICES,4,1679,ALAJUELA,GRANDE,0,0,0,745,0,1602472
COMERCIO,6,1717,GUANACASTE,GRANDE,3,1,155,379,4,4407020
HOTELERIA,1,602,LIMON,MEDIANA,4,1,51,39,4,929496
BIENES RAICES,4,720,SAN JOSE,PYMES,0,0,0,5,0,94585
MANUFACTURA,5,1451,LIMON,MEDIANA,3,1,65,48,1,895069
AGRICULTURA,3,1569,LIMON,GRANDE,3,1,766,640,1,8519752
SERVICIOS,2,1409,GUANACASTE,PEQUE헤,0,0,0,34,0,161526
SERVICIOS,2,13,GUANACASTE,MEDIANA,0,0,0,87,0,478553
AGRICULTURA,3,628,SAN JOSE,GRANDE,0,0,0,528,0,19963419
MANUFACTURA,5,872,GUANACASTE,MEDIANA,4,1,51,57,2,695377
MANUFACTURA,5,1163,ALAJUELA,MEDIANA,2,1,100,94,2,1170281
SERVICIOS,2,452,ALAJUELA,MEDIANA,1,1,59,47,0,1014827
BIENES RAICES,4,275,ALAJUELA,PYMES,0,0,0,8,0,9065
MANUFACTURA,5,964,GUANACASTE,GRANDE,0,0,0,310,0,19229564
HOTELERIA,1,1657,PUNTARENAS,MEDIANA,2,1,43,54,0,961593
HOTELERIA,1,355,GUANACASTE,GRANDE,4,1,170,762,1,4683956
SERVICIOS,2,1573,PUNTARENAS,MEDIANA,1,1,62,60,0,1108977
BIENES RAICES,4,552,LIMON,MEDIANA,1,1,56,73,2,770310
HOTELERIA,1,66,SAN JOSE,PEQUE헤,0,0,0,27,0,170575
HOTELERIA,1,284,LIMON,GRANDE,1,1,743,560,3,15995020
MANUFACTURA,5,443,CARTAGO,PYMES,0,0,0,4,0,98672
SERVICIOS,2,865,SAN JOSE,GRANDE,0,0,0,636,0,21764098
SERVICIOS,2,1681,CARTAGO,GRANDE,0,0,0,561,0,4759074
BIENES RAICES,4,1215,SAN JOSE,PYMES,2,1,6,7,1,10487
HOTELERIA,1,1618,CARTAGO,MEDIANA,4,1,84,82,1,642600
MANUFACTURA,5,864,LIMON,PEQUE헤,4,1,21,29,3,148489
HOTELERIA,1,1056,PUNTARENAS,MEDIANA,0,0,0,89,0,1013125
COMERCIO,6,1377,LIMON,MEDIANA,0,0,0,56,0,541957
MANUFACTURA,5,480,SAN JOSE,PYMES,0,0,0,8,0,113463
BIENES RAICES,4,325,HEREDIA,GRANDE,0,0,0,174,0,22288024
SERVICIOS,2,1274,ALAJUELA,MEDIANA,0,0,0,57,0,711665
MANUFACTURA,5,1259,GUANACASTE,MEDIANA,0,0,0,85,0,665064
BIENES RAICES,4,1613,ALAJUELA,PYMES,4,1,6,5,3,14172
SERVICIOS,2,31,GUANACASTE,PEQUE헤,2,1,27,17,0,418410
COMERCIO,6,1223,PUNTARENAS,MEDIANA,1,1,73,76,4,1051747
MANUFACTURA,5,1001,HEREDIA,PYMES,3,1,8,6,0,17802
AGRICULTURA,3,615,ALAJUELA,PEQUE헤,4,1,20,21,4,174371
HOTELERIA,1,1216,LIMON,MEDIANA,3,1,38,45,2,474748
AGRICULTURA,3,1221,ALAJUELA,PEQUE헤,0,0,0,11,0,194140
SERVICIOS,2,1069,CARTAGO,MEDIANA,0,0,0,38,0,710941
COMERCIO,6,1676,ALAJUELA,PEQUE헤,4,1,19,28,3,222769
HOTELERIA,1,1335,LIMON,PEQUE헤,3,1,20,13,1,407530
COMERCIO,6,1592,CARTAGO,PYMES,4,1,7,9,4,98663
BIENES RAICES,4,1248,SAN JOSE,GRANDE,4,1,723,848,1,22055260
SERVICIOS,2,1242,PUNTARENAS,GRANDE,0,0,0,781,0,16814531
SERVICIOS,2,1305,PUNTARENAS,PEQUE헤,1,1,15,25,2,181906
BIENES RAICES,4,1244,LIMON,GRANDE,0,0,0,614,0,24057045
AGRICULTURA,3,606,LIMON,MEDIANA,0,0,0,91,0,586411
SERVICIOS,2,1593,LIMON,GRANDE,0,0,0,452,0,21807988
SERVICIOS,2,740,PUNTARENAS,MEDIANA,1,1,73,59,4,604820
COMERCIO,6,1686,ALAJUELA,PEQUE헤,0,0,0,22,0,150853
BIENES RAICES,4,319,GUANACASTE,PYMES,0,0,0,8,0,48232
MANUFACTURA,5,1538,ALAJUELA,PYMES,4,1,8,9,2,69730
AGRICULTURA,3,1114,SAN JOSE,MEDIANA,4,1,100,86,2,931518
SERVICIOS,2,1161,HEREDIA,GRANDE,0,0,0,287,0,21833103
BIENES RAICES,4,516,LIMON,MEDIANA,0,0,0,87,0,1057732
COMERCIO,6,1120,PUNTARENAS,MEDIANA,2,1,80,73,1,629196
SERVICIOS,2,534,SAN JOSE,GRANDE,0,0,0,250,0,4909500
COMERCIO,6,221,SAN JOSE,PYMES,0,0,0,4,0,38010
MANUFACTURA,5,556,CARTAGO,PEQUE헤,0,0,0,27,0,221439
SERVICIOS,2,1643,SAN JOSE,PEQUE헤,2,1,33,22,3,138075
AGRICULTURA,3,1541,SAN JOSE,GRANDE,3,1,453,640,3,1514352
BIENES RAICES,4,1401,LIMON,PEQUE헤,0,0,0,18,0,413343
MANUFACTURA,5,1004,PUNTARENAS,GRANDE,0,0,0,952,0,12590665
MANUFACTURA,5,1550,GUANACASTE,PYMES,0,0,0,9,0,43900
HOTELERIA,1,517,GUANACASTE,PEQUE헤,0,0,0,13,0,141160
HOTELERIA,1,595,HEREDIA,PEQUE헤,0,0,0,16,0,121769
MANUFACTURA,5,1707,ALAJUELA,PYMES,0,0,0,9,0,80406
SERVICIOS,2,366,GUANACASTE,MEDIANA,2,1,52,42,4,990088
AGRICULTURA,3,1436,GUANACASTE,MEDIANA,4,1,57,81,4,516834
COMERCIO,6,654,HEREDIA,PEQUE헤,1,1,20,28,4,408928
MANUFACTURA,5,457,PUNTARENAS,GRANDE,4,1,991,126,4,5956372
BIENES RAICES,4,785,LIMON,MEDIANA,0,0,0,57,0,1147780
COMERCIO,6,1200,HEREDIA,PYMES,0,0,0,3,0,70865
AGRICULTURA,3,1630,GUANACASTE,PYMES,0,0,0,3,0,11845
HOTELERIA,1,977,PUNTARENAS,GRANDE,0,0,0,381,0,2653909
HOTELERIA,1,396,LIMON,PEQUE헤,2,1,13,33,2,235999
HOTELERIA,1,1677,GUANACASTE,PEQUE헤,0,0,0,25,0,422228
AGRICULTURA,3,605,SAN JOSE,GRANDE,0,0,0,291,0,10630945
SERVICIOS,2,708,PUNTARENAS,PYMES,0,0,0,4,0,115574
AGRICULTURA,3,975,SAN JOSE,MEDIANA,0,0,0,45,0,503853
MANUFACTURA,5,745,LIMON,MEDIANA,0,0,0,43,0,678511
SERVICIOS,2,286,GUANACASTE,GRANDE,1,1,692,747,1,24806025
SERVICIOS,2,689,ALAJUELA,MEDIANA,1,1,75,52,1,461054
AGRICULTURA,3,786,GUANACASTE,PYMES,0,0,0,5,0,13300
COMERCIO,6,1170,GUANACASTE,PEQUE헤,3,1,22,17,2,169079
BIENES RAICES,4,20,PUNTARENAS,PEQUE헤,0,0,0,27,0,477058
SERVICIOS,2,67,ALAJUELA,PYMES,0,0,0,5,0,49756
COMERCIO,6,579,PUNTARENAS,PYMES,0,0,0,8,0,90735
BIENES RAICES,4,424,SAN JOSE,PEQUE헤,4,1,29,22,0,359257
HOTELERIA,1,496,HEREDIA,PYMES,0,0,0,3,0,86354
HOTELERIA,1,758,ALAJUELA,PEQUE헤,0,0,0,30,0,262843
AGRICULTURA,3,609,LIMON,PEQUE헤,4,1,18,26,1,169817
AGRICULTURA,3,896,CARTAGO,PEQUE헤,3,1,21,21,1,138805
SERVICIOS,2,1026,CARTAGO,GRANDE,3,1,606,381,2,11654303
SERVICIOS,2,1533,HEREDIA,PEQUE헤,1,1,26,26,1,123774
MANUFACTURA,5,1058,ALAJUELA,PYMES,2,1,7,3,4,101685
MANUFACTURA,5,717,ALAJUELA,PEQUE헤,1,1,12,32,3,408850
SERVICIOS,2,733,GUANACASTE,MEDIANA,0,0,0,49,0,1149744
HOTELERIA,1,935,CARTAGO,PYMES,4,1,8,8,2,21516
SERVICIOS,2,247,ALAJUELA,GRANDE,1,1,139,733,2,20837911
SERVICIOS,2,626,PUNTARENAS,PYMES,0,0,0,4,0,23970
AGRICULTURA,3,855,GUANACASTE,PYMES,0,0,0,7,0,11488
AGRICULTURA,3,1406,PUNTARENAS,GRANDE,0,0,0,175,0,1309052
HOTELERIA,1,781,ALAJUELA,GRANDE,0,0,0,698,0,9904474
AGRICULTURA,3,797,LIMON,MEDIANA,0,0,0,42,0,1189989
AGRICULTURA,3,587,GUANACASTE,PYMES,3,1,5,7,4,69974
BIENES RAICES,4,1516,PUNTARENAS,PEQUE헤,4,1,27,22,2,238287
HOTELERIA,1,1076,HEREDIA,PYMES,0,0,0,5,0,101109
BIENES RAICES,4,1079,CARTAGO,MEDIANA,4,1,93,50,3,541664
COMERCIO,6,1724,GUANACASTE,GRANDE,0,0,0,437,0,14300126
SERVICIOS,2,629,PUNTARENAS,PYMES,3,1,4,9,3,111985
BIENES RAICES,4,1515,GUANACASTE,GRANDE,0,0,0,414,0,6594203
SERVICIOS,2,1187,PUNTARENAS,GRANDE,0,0,0,957,0,9067767
MANUFACTURA,5,822,PUNTARENAS,MEDIANA,0,0,0,47,0,612575
BIENES RAICES,4,1156,LIMON,MEDIANA,3,1,65,41,4,668614
BIENES RAICES,4,570,HEREDIA,PYMES,0,0,0,6,0,51467
AGRICULTURA,3,1173,ALAJUELA,GRANDE,0,0,0,772,0,22190251
AGRICULTURA,3,1266,PUNTARENAS,PYMES,2,1,3,5,2,99077
MANUFACTURA,5,976,LIMON,PYMES,0,0,0,9,0,63875
SERVICIOS,2,163,PUNTARENAS,PYMES,0,0,0,4,0,73976
BIENES RAICES,4,726,GUANACASTE,GRANDE,3,1,202,177,3,14515088
MANUFACTURA,5,792,CARTAGO,PEQUE헤,0,0,0,19,0,418658
AGRICULTURA,3,1465,ALAJUELA,GRANDE,4,1,689,622,3,3250057
MANUFACTURA,5,397,ALAJUELA,MEDIANA,0,0,0,52,0,720121
MANUFACTURA,5,1260,SAN JOSE,MEDIANA,0,0,0,97,0,1164684
COMERCIO,6,756,ALAJUELA,PYMES,1,1,3,8,0,49973
BIENES RAICES,4,1430,ALAJUELA,GRANDE,0,0,0,212,0,13816635
COMERCIO,6,209,GUANACASTE,MEDIANA,4,1,69,37,1,768994
MANUFACTURA,5,820,PUNTARENAS,PEQUE헤,1,1,24,14,4,346145
HOTELERIA,1,1067,LIMON,MEDIANA,2,1,90,90,4,836723
COMERCIO,6,1425,PUNTARENAS,GRANDE,0,0,0,877,0,21792873
SERVICIOS,2,343,ALAJUELA,PYMES,1,1,9,5,1,73655
MANUFACTURA,5,492,HEREDIA,PEQUE헤,2,1,22,23,2,272362
AGRICULTURA,3,1392,HEREDIA,MEDIANA,0,0,0,54,0,1027603
BIENES RAICES,4,508,HEREDIA,PEQUE헤,4,1,30,20,4,482077
BIENES RAICES,4,616,HEREDIA,PYMES,3,1,4,4,0,59173
SERVICIOS,2,1396,PUNTARENAS,PEQUE헤,0,0,0,28,0,431425
COMERCIO,6,462,ALAJUELA,MEDIANA,0,0,0,98,0,1126118
HOTELERIA,1,52,SAN JOSE,MEDIANA,0,0,0,53,0,902618
MANUFACTURA,5,1369,HEREDIA,PEQUE헤,0,0,0,29,0,293154
COMERCIO,6,181,ALAJUELA,PEQUE헤,0,0,0,12,0,293884
SERVICIOS,2,639,CARTAGO,GRANDE,2,1,640,828,2,19254854
BIENES RAICES,4,79,PUNTARENAS,GRANDE,4,1,371,304,0,4015508
SERVICIOS,2,288,GUANACASTE,GRANDE,3,1,165,232,0,18133471
SERVICIOS,2,234,CARTAGO,PEQUE헤,0,0,0,24,0,304732
AGRICULTURA,3,228,SAN JOSE,PYMES,0,0,0,9,0,76876
BIENES RAICES,4,4,SAN JOSE,MEDIANA,0,0,0,66,0,439494
HOTELERIA,1,1590,CARTAGO,GRANDE,2,1,519,114,4,24958150
MANUFACTURA,5,1071,SAN JOSE,PEQUE헤,3,1,28,13,3,303325
HOTELERIA,1,1698,HEREDIA,PEQUE헤,2,1,15,29,1,498707
MANUFACTURA,5,62,HEREDIA,PEQUE헤,4,1,12,34,3,111413
MANUFACTURA,5,1030,LIMON,PYMES,0,0,0,9,0,100622
SERVICIOS,2,1557,GUANACASTE,MEDIANA,0,0,0,99,0,435843
HOTELERIA,1,1390,ALAJUELA,MEDIANA,0,0,0,42,0,479987
MANUFACTURA,5,1357,CARTAGO,PEQUE헤,4,1,34,20,4,154566
BIENES RAICES,4,24,SAN JOSE,PYMES,0,0,0,8,0,35270
AGRICULTURA,3,242,CARTAGO,GRANDE,0,0,0,290,0,4450957
MANUFACTURA,5,1549,SAN JOSE,PEQUE헤,1,1,11,18,3,286007
AGRICULTURA,3,1198,PUNTARENAS,MEDIANA,0,0,0,69,0,649056
AGRICULTURA,3,1300,ALAJUELA,PYMES,4,1,9,4,4,118610
COMERCIO,6,963,ALAJUELA,MEDIANA,1,1,64,57,2,1168238
MANUFACTURA,5,554,CARTAGO,PEQUE헤,2,1,25,32,4,178972
BIENES RAICES,4,817,CARTAGO,MEDIANA,0,0,0,100,0,922641
BIENES RAICES,4,1018,HEREDIA,PEQUE헤,0,0,0,12,0,452697
MANUFACTURA,5,412,SAN JOSE,GRANDE,0,0,0,247,0,1672168
COMERCIO,6,91,PUNTARENAS,PEQUE헤,0,0,0,11,0,288720
SERVICIOS,2,158,HEREDIA,MEDIANA,3,1,43,47,4,1191725
HOTELERIA,1,1658,LIMON,PEQUE헤,0,0,0,12,0,381305
AGRICULTURA,3,1433,SAN JOSE,PYMES,3,1,3,9,0,86113
COMERCIO,6,184,CARTAGO,PEQUE헤,2,1,22,19,3,322312
AGRICULTURA,3,357,HEREDIA,PYMES,0,0,0,3,0,41528
AGRICULTURA,3,1204,LIMON,GRANDE,0,0,0,415,0,14818488
HOTELERIA,1,1005,GUANACASTE,PYMES,4,1,8,4,3,52084
HOTELERIA,1,1539,CARTAGO,PEQUE헤,3,1,28,26,3,207389
COMERCIO,6,356,LIMON,MEDIANA,4,1,42,92,4,525223
HOTELERIA,1,116,LIMON,MEDIANA,0,0,0,39,0,818444
MANUFACTURA,5,577,LIMON,PEQUE헤,0,0,0,26,0,337626
COMERCIO,6,1461,GUANACASTE,GRANDE,2,1,361,170,3,16858502
COMERCIO,6,193,SAN JOSE,MEDIANA,0,0,0,49,0,885105
BIENES RAICES,4,1349,SAN JOSE,GRANDE,0,0,0,530,0,5591607
SERVICIOS,2,1148,CARTAGO,PEQUE헤,4,1,14,32,2,145089
AGRICULTURA,3,1211,PUNTARENAS,PYMES,0,0,0,6,0,54373
HOTELERIA,1,957,ALAJUELA,MEDIANA,2,1,77,45,3,432345
SERVICIOS,2,170,GUANACASTE,MEDIANA,1,1,100,39,3,748614
COMERCIO,6,1009,ALAJUELA,PEQUE헤,3,1,24,32,3,228744
AGRICULTURA,3,541,ALAJUELA,GRANDE,2,1,145,279,3,20784788
SERVICIOS,2,1512,GUANACASTE,GRANDE,1,1,982,860,1,11198541
SERVICIOS,2,1137,GUANACASTE,MEDIANA,0,0,0,90,0,1011073
AGRICULTURA,3,694,SAN JOSE,GRANDE,0,0,0,110,0,22220312
COMERCIO,6,1039,SAN JOSE,PEQUE헤,2,1,30,33,2,405719
AGRICULTURA,3,599,LIMON,GRANDE,0,0,0,557,0,2354665
MANUFACTURA,5,340,HEREDIA,PEQUE헤,1,1,31,27,2,286794
HOTELERIA,1,1092,HEREDIA,MEDIANA,4,1,93,69,2,631714
COMERCIO,6,1054,ALAJUELA,MEDIANA,2,1,51,97,3,570668
SERVICIOS,2,173,SAN JOSE,GRANDE,2,1,266,947,1,4513050
BIENES RAICES,4,1232,HEREDIA,PEQUE헤,1,1,11,34,0,277679
COMERCIO,6,1273,SAN JOSE,GRANDE,0,0,0,993,0,9577775
COMERCIO,6,1671,SAN JOSE,PYMES,3,1,6,5,4,102770
BIENES RAICES,4,459,LIMON,GRANDE,1,1,350,337,2,16681977
MANUFACTURA,5,240,CARTAGO,PEQUE헤,2,1,21,23,4,362494
AGRICULTURA,3,1517,GUANACASTE,PYMES,4,1,3,7,4,30007
AGRICULTURA,3,600,HEREDIA,PYMES,0,0,0,5,0,15132
AGRICULTURA,3,956,LIMON,GRANDE,0,0,0,431,0,16058668
HOTELERIA,1,809,CARTAGO,PEQUE헤,1,1,19,11,3,289050
BIENES RAICES,4,1353,LIMON,MEDIANA,4,1,45,64,3,885191
COMERCIO,6,1678,SAN JOSE,GRANDE,0,0,0,214,0,4023740
BIENES RAICES,4,676,CARTAGO,MEDIANA,0,0,0,97,0,729294
AGRICULTURA,3,290,SAN JOSE,MEDIANA,0,0,0,78,0,932144
MANUFACTURA,5,693,SAN JOSE,GRANDE,1,1,167,124,1,3571753
BIENES RAICES,4,1366,PUNTARENAS,GRANDE,0,0,0,375,0,23128706
MANUFACTURA,5,1394,GUANACASTE,MEDIANA,0,0,0,43,0,609816
BIENES RAICES,4,352,SAN JOSE,MEDIANA,1,1,93,71,0,524350
COMERCIO,6,1627,ALAJUELA,MEDIANA,0,0,0,56,0,587156
MANUFACTURA,5,1371,GUANACASTE,MEDIANA,0,0,0,61,0,825222
SERVICIOS,2,353,SAN JOSE,PYMES,0,0,0,5,0,93134
BIENES RAICES,4,1558,PUNTARENAS,MEDIANA,1,1,62,57,3,975476
COMERCIO,6,1212,PUNTARENAS,GRANDE,0,0,0,510,0,19479546
COMERCIO,6,658,LIMON,PEQUE헤,0,0,0,22,0,445849
MANUFACTURA,5,97,HEREDIA,MEDIANA,0,0,0,40,0,1133507
SERVICIOS,2,330,CARTAGO,MEDIANA,3,1,60,51,3,1173016
MANUFACTURA,5,844,SAN JOSE,PYMES,0,0,0,9,0,12584
BIENES RAICES,4,1061,ALAJUELA,PEQUE헤,0,0,0,14,0,383392
BIENES RAICES,4,416,HEREDIA,MEDIANA,0,0,0,55,0,776087
BIENES RAICES,4,685,CARTAGO,MEDIANA,2,1,77,72,3,499591
SERVICIOS,2,784,PUNTARENAS,PEQUE헤,0,0,0,15,0,497733
HOTELERIA,1,365,ALAJUELA,PEQUE헤,0,0,0,34,0,194492
COMERCIO,6,501,LIMON,PYMES,1,1,4,7,4,81134
MANUFACTURA,5,1146,SAN JOSE,PEQUE헤,3,1,23,22,4,351439
HOTELERIA,1,622,ALAJUELA,PYMES,0,0,0,4,0,68977
MANUFACTURA,5,1661,CARTAGO,GRANDE,1,1,724,473,4,16841716
AGRICULTURA,3,827,GUANACASTE,GRANDE,0,0,0,116,0,13703404
COMERCIO,6,892,GUANACASTE,PYMES,3,1,5,6,2,29328
COMERCIO,6,262,GUANACASTE,MEDIANA,4,1,63,78,3,830983
COMERCIO,6,580,PUNTARENAS,PYMES,2,1,5,3,3,75100
BIENES RAICES,4,1199,GUANACASTE,MEDIANA,0,0,0,74,0,821651
SERVICIOS,2,711,LIMON,PEQUE헤,2,1,20,30,2,314855
AGRICULTURA,3,86,ALAJUELA,PEQUE헤,0,0,0,18,0,118348
COMERCIO,6,1478,GUANACASTE,MEDIANA,0,0,0,36,0,1128865
BIENES RAICES,4,168,SAN JOSE,PEQUE헤,1,1,14,34,1,300602
COMERCIO,6,1277,SAN JOSE,PEQUE헤,0,0,0,17,0,258673
SERVICIOS,2,537,LIMON,GRANDE,0,0,0,797,0,13735018
MANUFACTURA,5,526,LIMON,PEQUE헤,0,0,0,17,0,316790
HOTELERIA,1,1521,PUNTARENAS,GRANDE,0,0,0,948,0,6987116
AGRICULTURA,3,953,PUNTARENAS,GRANDE,2,1,147,429,1,11903635
COMERCIO,6,837,PUNTARENAS,GRANDE,0,0,0,235,0,3244698
MANUFACTURA,5,464,GUANACASTE,PEQUE헤,0,0,0,20,0,201707
BIENES RAICES,4,207,HEREDIA,MEDIANA,0,0,0,84,0,635642
AGRICULTURA,3,271,LIMON,PYMES,0,0,0,7,0,39569
HOTELERIA,1,1098,LIMON,MEDIANA,2,1,39,77,4,464007
BIENES RAICES,4,1380,PUNTARENAS,PYMES,0,0,0,3,0,101931
HOTELERIA,1,686,PUNTARENAS,PYMES,2,1,8,6,4,105096
SERVICIOS,2,1376,ALAJUELA,PEQUE헤,0,0,0,25,0,215479
HOTELERIA,1,229,SAN JOSE,PEQUE헤,4,1,20,28,0,113259
HOTELERIA,1,403,LIMON,MEDIANA,0,0,0,88,0,747987
BIENES RAICES,4,394,LIMON,MEDIANA,3,1,58,82,3,1054928
HOTELERIA,1,1016,CARTAGO,PYMES,0,0,0,6,0,110291
MANUFACTURA,5,1270,GUANACASTE,MEDIANA,1,1,99,98,3,732273
HOTELERIA,1,1017,CARTAGO,PYMES,3,1,9,5,4,112741
HOTELERIA,1,241,CARTAGO,PYMES,0,0,0,4,0,44828
SERVICIOS,2,1302,ALAJUELA,GRANDE,1,1,639,757,0,12998983
COMERCIO,6,1057,LIMON,PYMES,0,0,0,3,0,80414
COMERCIO,6,1070,ALAJUELA,PYMES,0,0,0,9,0,28453
BIENES RAICES,4,899,LIMON,GRANDE,0,0,0,532,0,5703015
SERVICIOS,2,144,SAN JOSE,PYMES,0,0,0,8,0,10812
MANUFACTURA,5,1393,HEREDIA,PYMES,0,0,0,9,0,18580
COMERCIO,6,1553,SAN JOSE,MEDIANA,0,0,0,58,0,672222
BIENES RAICES,4,358,ALAJUELA,PEQUE헤,0,0,0,10,0,466426
AGRICULTURA,3,1135,PUNTARENAS,GRANDE,3,1,539,705,0,18227098
MANUFACTURA,5,1347,GUANACASTE,PYMES,0,0,0,7,0,11860
MANUFACTURA,5,589,PUNTARENAS,PYMES,0,0,0,5,0,105385
SERVICIOS,2,836,ALAJUELA,GRANDE,0,0,0,646,0,10115906
BIENES RAICES,4,1327,CARTAGO,PEQUE헤,2,1,33,28,0,221063
HOTELERIA,1,939,SAN JOSE,GRANDE,4,1,448,775,1,17338064
AGRICULTURA,3,1208,SAN JOSE,GRANDE,4,1,206,663,2,15371620
AGRICULTURA,3,1107,SAN JOSE,PYMES,0,0,0,5,0,27624
HOTELERIA,1,780,GUANACASTE,PYMES,0,0,0,9,0,52128
MANUFACTURA,5,161,HEREDIA,PEQUE헤,0,0,0,10,0,232429
HOTELERIA,1,1152,GUANACASTE,PYMES,0,0,0,6,0,48696
COMERCIO,6,1527,LIMON,PEQUE헤,0,0,0,34,0,490198
COMERCIO,6,1526,HEREDIA,PYMES,3,1,6,5,0,54182
COMERCIO,6,1398,CARTAGO,MEDIANA,2,1,72,51,1,762561
HOTELERIA,1,1147,LIMON,GRANDE,4,1,524,237,0,18144402
MANUFACTURA,5,431,ALAJUELA,PYMES,0,0,0,9,0,50878
MANUFACTURA,5,568,GUANACASTE,PYMES,0,0,0,3,0,57798
AGRICULTURA,3,255,HEREDIA,GRANDE,0,0,0,634,0,23806669
HOTELERIA,1,1501,CARTAGO,MEDIANA,1,1,80,69,1,987091
MANUFACTURA,5,1458,CARTAGO,PYMES,1,1,5,5,1,101763
HOTELERIA,1,922,GUANACASTE,MEDIANA,0,0,0,63,0,1145792
HOTELERIA,1,1543,ALAJUELA,PYMES,0,0,0,9,0,37327
BIENES RAICES,4,1074,SAN JOSE,PYMES,4,1,5,4,2,102204
COMERCIO,6,698,ALAJUELA,PYMES,1,1,5,3,4,63535
COMERCIO,6,1535,GUANACASTE,MEDIANA,0,0,0,99,0,999136
MANUFACTURA,5,878,PUNTARENAS,GRANDE,0,0,0,766,0,4529978
HOTELERIA,1,1472,GUANACASTE,PEQUE헤,2,1,10,32,1,197697
MANUFACTURA,5,1077,HEREDIA,GRANDE,1,1,722,950,1,5459084
COMERCIO,6,586,LIMON,MEDIANA,2,1,61,94,3,648669
COMERCIO,6,323,CARTAGO,GRANDE,0,0,0,654,0,4335249
MANUFACTURA,5,992,HEREDIA,GRANDE,2,1,917,847,4,15361511
AGRICULTURA,3,1331,PUNTARENAS,MEDIANA,1,1,44,94,2,895431
BIENES RAICES,4,1542,HEREDIA,GRANDE,0,0,0,365,0,20479896
COMERCIO,6,1584,GUANACASTE,GRANDE,0,0,0,429,0,21699647
COMERCIO,6,1602,LIMON,MEDIANA,0,0,0,91,0,967584
AGRICULTURA,3,327,CARTAGO,PEQUE헤,3,1,33,21,0,204524
HOTELERIA,1,1742,CARTAGO,MEDIANA,2,1,49,60,4,1077687
COMERCIO,6,888,PUNTARENAS,PYMES,0,0,0,7,0,30845
AGRICULTURA,3,1606,SAN JOSE,PEQUE헤,3,1,19,35,3,469763
BIENES RAICES,4,522,GUANACASTE,MEDIANA,3,1,43,89,2,883756
SERVICIOS,2,1395,PUNTARENAS,PYMES,0,0,0,7,0,80878
MANUFACTURA,5,1290,LIMON,GRANDE,3,1,936,124,3,12857758
BIENES RAICES,4,641,LIMON,MEDIANA,4,1,89,70,2,959847
HOTELERIA,1,532,LIMON,PEQUE헤,2,1,19,30,3,334322
MANUFACTURA,5,965,HEREDIA,PYMES,1,1,3,7,4,67724
HOTELERIA,1,291,LIMON,PEQUE헤,3,1,20,20,0,265989
BIENES RAICES,4,128,ALAJUELA,MEDIANA,0,0,0,78,0,827974
HOTELERIA,1,783,PUNTARENAS,PYMES,1,1,5,9,1,66453
COMERCIO,6,80,LIMON,PEQUE헤,0,0,0,24,0,221971
BIENES RAICES,4,987,LIMON,MEDIANA,3,1,59,57,3,1041671
HOTELERIA,1,796,LIMON,PYMES,4,1,7,9,4,14522
HOTELERIA,1,886,SAN JOSE,MEDIANA,0,0,0,82,0,793658
BIENES RAICES,4,1511,SAN JOSE,PYMES,0,0,0,4,0,83260
COMERCIO,6,709,CARTAGO,PYMES,0,0,0,4,0,26626
SERVICIOS,2,998,CARTAGO,MEDIANA,0,0,0,98,0,961051
SERVICIOS,2,94,LIMON,GRANDE,2,1,186,389,0,5788618
COMERCIO,6,974,SAN JOSE,GRANDE,0,0,0,667,0,13558073
HOTELERIA,1,1003,GUANACASTE,MEDIANA,0,0,0,77,0,581598
COMERCIO,6,1226,HEREDIA,PYMES,0,0,0,8,0,91197
HOTELERIA,1,1673,PUNTARENAS,PYMES,0,0,0,9,0,40409
HOTELERIA,1,1551,HEREDIA,GRANDE,2,1,389,201,3,15591737
MANUFACTURA,5,1183,PUNTARENAS,PEQUE헤,0,0,0,19,0,260626
AGRICULTURA,3,103,HEREDIA,PEQUE헤,4,1,10,34,4,424294
MANUFACTURA,5,1315,CARTAGO,PYMES,2,1,9,9,1,33176
HOTELERIA,1,847,GUANACASTE,PYMES,0,0,0,9,0,23011
COMERCIO,6,601,PUNTARENAS,MEDIANA,0,0,0,81,0,1148275
BIENES RAICES,4,314,ALAJUELA,PYMES,0,0,0,6,0,66631
AGRICULTURA,3,559,PUNTARENAS,PYMES,0,0,0,4,0,36743
AGRICULTURA,3,1507,CARTAGO,PYMES,2,1,8,7,2,72347
MANUFACTURA,5,1356,GUANACASTE,MEDIANA,1,1,78,93,1,1077073
BIENES RAICES,4,1089,CARTAGO,PYMES,3,1,6,8,0,91107
COMERCIO,6,875,GUANACASTE,MEDIANA,3,1,46,74,2,1092481
MANUFACTURA,5,267,GUANACASTE,PYMES,0,0,0,5,0,65851
COMERCIO,6,954,CARTAGO,GRANDE,3,1,750,213,4,23099716
HOTELERIA,1,596,ALAJUELA,GRANDE,0,0,0,470,0,5512330
HOTELERIA,1,930,LIMON,MEDIANA,4,1,84,48,3,615301
HOTELERIA,1,454,SAN JOSE,GRANDE,0,0,0,816,0,13183399
AGRICULTURA,3,1101,GUANACASTE,MEDIANA,4,1,79,44,3,474238
BIENES RAICES,4,533,GUANACASTE,MEDIANA,4,1,79,60,3,852105
SERVICIOS,2,1370,GUANACASTE,MEDIANA,3,1,76,55,2,611947
COMERCIO,6,918,GUANACASTE,PYMES,3,1,8,3,2,34832
COMERCIO,6,1726,CARTAGO,PEQUE헤,1,1,31,10,3,470549
MANUFACTURA,5,1416,CARTAGO,MEDIANA,4,1,69,65,2,810916
MANUFACTURA,5,268,SAN JOSE,PEQUE헤,1,1,10,29,4,235957
BIENES RAICES,4,395,LIMON,GRANDE,1,1,726,317,1,16126090
HOTELERIA,1,1513,CARTAGO,MEDIANA,3,1,91,54,0,807746
MANUFACTURA,5,200,LIMON,MEDIANA,0,0,0,84,0,943930
BIENES RAICES,4,1346,GUANACASTE,MEDIANA,0,0,0,79,0,1062883
AGRICULTURA,3,40,PUNTARENAS,PYMES,0,0,0,6,0,87090
BIENES RAICES,4,1672,PUNTARENAS,PYMES,3,1,4,4,3,82707
SERVICIOS,2,147,ALAJUELA,MEDIANA,0,0,0,84,0,787301
AGRICULTURA,3,375,CARTAGO,GRANDE,0,0,0,237,0,23780726
MANUFACTURA,5,1032,HEREDIA,PYMES,0,0,0,4,0,85399
AGRICULTURA,3,408,CARTAGO,PYMES,0,0,0,3,0,73818
BIENES RAICES,4,1467,HEREDIA,PYMES,3,1,5,6,0,60968
COMERCIO,6,434,CARTAGO,MEDIANA,0,0,0,94,0,1124353
COMERCIO,6,1589,LIMON,MEDIANA,0,0,0,96,0,557047
HOTELERIA,1,825,LIMON,GRANDE,2,1,626,860,4,18971678
HOTELERIA,1,563,SAN JOSE,GRANDE,0,0,0,485,0,7409853
SERVICIOS,2,1493,LIMON,PYMES,0,0,0,3,0,97340
HOTELERIA,1,618,PUNTARENAS,PYMES,0,0,0,4,0,97778
COMERCIO,6,334,ALAJUELA,PYMES,0,0,0,7,0,45857
COMERCIO,6,1238,ALAJUELA,PEQUE헤,0,0,0,25,0,254934
BIENES RAICES,4,1448,CARTAGO,MEDIANA,4,1,79,94,3,1071208
AGRICULTURA,3,44,ALAJUELA,PYMES,1,1,5,4,1,74280
HOTELERIA,1,191,PUNTARENAS,MEDIANA,1,1,43,48,2,604890
BIENES RAICES,4,640,LIMON,GRANDE,0,0,0,964,0,24586916
HOTELERIA,1,1240,PUNTARENAS,PYMES,3,1,7,5,3,109708
COMERCIO,6,642,LIMON,GRANDE,3,1,490,861,1,6055487
COMERCIO,6,885,ALAJUELA,PYMES,0,0,0,9,0,28889
BIENES RAICES,4,493,LIMON,MEDIANA,0,0,0,83,0,1042713
SERVICIOS,2,1059,SAN JOSE,PYMES,3,1,5,3,4,55337
COMERCIO,6,432,LIMON,PYMES,0,0,0,9,0,11944
MANUFACTURA,5,1014,LIMON,PEQUE헤,0,0,0,13,0,316520
BIENES RAICES,4,387,CARTAGO,GRANDE,0,0,0,554,0,9165864
COMERCIO,6,1073,LIMON,GRANDE,2,1,307,751,3,20038992
MANUFACTURA,5,802,HEREDIA,GRANDE,3,1,516,631,1,17515884
HOTELERIA,1,495,HEREDIA,PEQUE헤,0,0,0,31,0,402870
MANUFACTURA,5,166,GUANACASTE,PYMES,0,0,0,9,0,87117
COMERCIO,6,135,PUNTARENAS,MEDIANA,2,1,91,38,0,468193
AGRICULTURA,3,1598,HEREDIA,PYMES,0,0,0,6,0,64852
SERVICIOS,2,134,CARTAGO,PEQUE헤,2,1,23,30,3,233567
HOTELERIA,1,1710,HEREDIA,PEQUE헤,0,0,0,21,0,164061
HOTELERIA,1,538,ALAJUELA,GRANDE,1,1,862,421,4,1706780
SERVICIOS,2,386,HEREDIA,MEDIANA,0,0,0,73,0,504944
AGRICULTURA,3,955,PUNTARENAS,PEQUE헤,4,1,11,20,3,477364
COMERCIO,6,1682,CARTAGO,GRANDE,0,0,0,681,0,23061246
AGRICULTURA,3,611,GUANACASTE,PEQUE헤,0,0,0,22,0,460162
HOTELERIA,1,860,LIMON,PEQUE헤,1,1,12,10,2,470959
BIENES RAICES,4,37,CARTAGO,PEQUE헤,2,1,16,29,0,282949
BIENES RAICES,4,380,LIMON,GRANDE,0,0,0,659,0,11525633
SERVICIOS,2,659,SAN JOSE,GRANDE,1,1,616,810,3,3210683
BIENES RAICES,4,10,CARTAGO,MEDIANA,0,0,0,42,0,788961
HOTELERIA,1,1570,CARTAGO,PYMES,4,1,6,3,4,15790
SERVICIOS,2,871,HEREDIA,PEQUE헤,0,0,0,21,0,175339
HOTELERIA,1,1317,HEREDIA,PYMES,3,1,7,8,0,31359
HOTELERIA,1,441,LIMON,MEDIANA,0,0,0,87,0,821329
BIENES RAICES,4,236,GUANACASTE,PEQUE헤,0,0,0,35,0,404058
COMERCIO,6,61,GUANACASTE,PEQUE헤,0,0,0,25,0,451379
HOTELERIA,1,239,HEREDIA,PYMES,3,1,4,8,1,32331
HOTELERIA,1,1646,ALAJUELA,MEDIANA,3,1,40,48,1,782899
COMERCIO,6,1167,HEREDIA,PYMES,0,0,0,9,0,55910
HOTELERIA,1,1440,LIMON,PEQUE헤,2,1,32,24,1,275774
BIENES RAICES,4,1545,HEREDIA,PEQUE헤,1,1,21,33,3,366970
COMERCIO,6,38,LIMON,PEQUE헤,1,1,15,15,3,156783
COMERCIO,6,574,PUNTARENAS,PEQUE헤,0,0,0,11,0,328564
SERVICIOS,2,377,PUNTARENAS,PYMES,2,1,4,7,4,77338
BIENES RAICES,4,721,SAN JOSE,PEQUE헤,0,0,0,23,0,475828
HOTELERIA,1,494,GUANACASTE,MEDIANA,3,1,65,54,4,870478
MANUFACTURA,5,940,CARTAGO,PYMES,0,0,0,6,0,52291
BIENES RAICES,4,1487,LIMON,PEQUE헤,3,1,17,33,3,179464
HOTELERIA,1,932,PUNTARENAS,PYMES,3,1,4,7,1,33153
HOTELERIA,1,437,CARTAGO,MEDIANA,0,0,0,54,0,664947
AGRICULTURA,3,981,GUANACASTE,PEQUE헤,0,0,0,14,0,196610
HOTELERIA,1,361,ALAJUELA,PYMES,0,0,0,8,0,67565
BIENES RAICES,4,1158,ALAJUELA,PEQUE헤,4,1,16,18,2,433328
COMERCIO,6,791,CARTAGO,PEQUE헤,0,0,0,20,0,110752
MANUFACTURA,5,803,SAN JOSE,PEQUE헤,1,1,11,19,4,240422
HOTELERIA,1,41,PUNTARENAS,MEDIANA,3,1,93,90,3,1127355
COMERCIO,6,614,PUNTARENAS,GRANDE,0,0,0,522,0,10762084
COMERCIO,6,28,CARTAGO,PEQUE헤,0,0,0,10,0,351204
AGRICULTURA,3,1362,PUNTARENAS,MEDIANA,1,1,56,42,2,724606
HOTELERIA,1,699,SAN JOSE,PEQUE헤,0,0,0,19,0,232225
AGRICULTURA,3,592,LIMON,GRANDE,4,1,315,343,0,7826420
COMERCIO,6,1464,CARTAGO,GRANDE,0,0,0,883,0,6933116
HOTELERIA,1,169,PUNTARENAS,PEQUE헤,0,0,0,30,0,263614
COMERCIO,6,1485,LIMON,MEDIANA,0,0,0,45,0,787829
SERVICIOS,2,332,SAN JOSE,GRANDE,0,0,0,302,0,24909497
COMERCIO,6,1177,HEREDIA,PEQUE헤,1,1,17,24,1,180620
MANUFACTURA,5,1013,PUNTARENAS,MEDIANA,2,1,88,56,0,806926
AGRICULTURA,3,1272,GUANACASTE,MEDIANA,4,1,93,72,2,857678
HOTELERIA,1,1081,LIMON,PYMES,4,1,6,7,3,68986
SERVICIOS,2,475,ALAJUELA,PEQUE헤,0,0,0,25,0,400283
AGRICULTURA,3,1326,CARTAGO,GRANDE,3,1,209,732,1,3398152
SERVICIOS,2,294,CARTAGO,PYMES,3,1,4,6,0,66752
AGRICULTURA,3,9,ALAJUELA,PEQUE헤,3,1,31,19,2,318972
BIENES RAICES,4,1481,HEREDIA,PEQUE헤,0,0,0,29,0,362759
BIENES RAICES,4,634,ALAJUELA,MEDIANA,0,0,0,69,0,1124916
MANUFACTURA,5,1575,LIMON,PYMES,1,1,7,4,0,55961
MANUFACTURA,5,1572,CARTAGO,MEDIANA,0,0,0,84,0,477022
MANUFACTURA,5,76,SAN JOSE,PYMES,0,0,0,6,0,69154
MANUFACTURA,5,1100,HEREDIA,PYMES,4,1,3,5,0,98827
SERVICIOS,2,326,HEREDIA,MEDIANA,4,1,40,86,2,794271
COMERCIO,6,404,SAN JOSE,PEQUE헤,0,0,0,24,0,241971
HOTELERIA,1,702,ALAJUELA,GRANDE,0,0,0,120,0,2287373
SERVICIOS,2,217,GUANACASTE,GRANDE,0,0,0,273,0,13149466
AGRICULTURA,3,71,LIMON,PEQUE헤,0,0,0,15,0,478804
COMERCIO,6,1024,PUNTARENAS,GRANDE,0,0,0,815,0,11771510
BIENES RAICES,4,1213,SAN JOSE,GRANDE,0,0,0,347,0,22564173
BIENES RAICES,4,989,ALAJUELA,MEDIANA,0,0,0,77,0,535057
SERVICIOS,2,216,PUNTARENAS,MEDIANA,4,1,73,99,0,465836
COMERCIO,6,1684,CARTAGO,PYMES,0,0,0,3,0,41138
MANUFACTURA,5,1642,GUANACASTE,PYMES,1,1,5,5,1,97429
SERVICIOS,2,477,CARTAGO,GRANDE,0,0,0,615,0,11678422
HOTELERIA,1,276,ALAJUELA,GRANDE,0,0,0,582,0,6549317
BIENES RAICES,4,941,ALAJUELA,PYMES,1,1,8,6,3,118903
COMERCIO,6,246,HEREDIA,PYMES,0,0,0,5,0,34788
MANUFACTURA,5,1176,HEREDIA,MEDIANA,0,0,0,37,0,854785
HOTELERIA,1,1264,HEREDIA,PYMES,2,1,5,7,4,25366
COMERCIO,6,1561,SAN JOSE,MEDIANA,0,0,0,51,0,991014
HOTELERIA,1,1468,LIMON,GRANDE,0,0,0,802,0,14091893
SERVICIOS,2,378,HEREDIA,MEDIANA,4,1,47,92,4,439750
MANUFACTURA,5,401,CARTAGO,MEDIANA,0,0,0,100,0,439109
COMERCIO,6,883,ALAJUELA,MEDIANA,0,0,0,63,0,523765
SERVICIOS,2,449,CARTAGO,MEDIANA,0,0,0,42,0,581483
HOTELERIA,1,451,SAN JOSE,MEDIANA,0,0,0,56,0,628201
COMERCIO,6,1720,HEREDIA,MEDIANA,0,0,0,69,0,1167363
MANUFACTURA,5,364,HEREDIA,MEDIANA,3,1,39,50,4,1027343
MANUFACTURA,5,909,GUANACASTE,PEQUE헤,0,0,0,23,0,288066
HOTELERIA,1,927,ALAJUELA,PYMES,0,0,0,3,0,108416
COMERCIO,6,746,CARTAGO,GRANDE,0,0,0,989,0,23727471
AGRICULTURA,3,543,CARTAGO,MEDIANA,0,0,0,92,0,618803
MANUFACTURA,5,1454,GUANACASTE,PEQUE헤,0,0,0,25,0,233733
BIENES RAICES,4,1484,SAN JOSE,GRANDE,0,0,0,473,0,11793777
BIENES RAICES,4,620,HEREDIA,PEQUE헤,0,0,0,35,0,456121
SERVICIOS,2,884,HEREDIA,PYMES,0,0,0,6,0,70278
SERVICIOS,2,578,CARTAGO,MEDIANA,0,0,0,47,0,832917
BIENES RAICES,4,1036,ALAJUELA,MEDIANA,1,1,66,53,1,859041
AGRICULTURA,3,249,CARTAGO,PYMES,0,0,0,6,0,60980
COMERCIO,6,305,ALAJUELA,PEQUE헤,4,1,23,26,4,314828
AGRICULTURA,3,360,GUANACASTE,GRANDE,0,0,0,675,0,9468275
MANUFACTURA,5,1621,CARTAGO,PYMES,3,1,8,4,3,64900
COMERCIO,6,1355,SAN JOSE,PYMES,2,1,5,6,1,31404
SERVICIOS,2,1587,HEREDIA,MEDIANA,3,1,84,42,4,1121412
BIENES RAICES,4,376,PUNTARENAS,PYMES,2,1,4,6,1,26517
COMERCIO,6,347,HEREDIA,PEQUE헤,4,1,23,33,1,182651
COMERCIO,6,607,CARTAGO,PYMES,0,0,0,7,0,19699
HOTELERIA,1,536,GUANACASTE,PYMES,0,0,0,9,0,113068
BIENES RAICES,4,1611,PUNTARENAS,MEDIANA,2,1,51,62,4,1065397
HOTELERIA,1,1276,GUANACASTE,PYMES,0,0,0,9,0,48849
BIENES RAICES,4,1367,SAN JOSE,MEDIANA,3,1,92,91,1,844509
SERVICIOS,2,1400,SAN JOSE,GRANDE,0,0,0,847,0,15756217
HOTELERIA,1,1336,ALAJUELA,MEDIANA,3,1,50,63,4,663687
MANUFACTURA,5,417,LIMON,MEDIANA,2,1,71,52,4,511370
SERVICIOS,2,490,LIMON,MEDIANA,3,1,44,73,0,935175
SERVICIOS,2,22,CARTAGO,MEDIANA,4,1,52,93,2,1078209
SERVICIOS,2,772,LIMON,MEDIANA,2,1,39,47,0,1033955
MANUFACTURA,5,1716,GUANACASTE,GRANDE,4,1,768,360,3,22308334
BIENES RAICES,4,1641,PUNTARENAS,GRANDE,0,0,0,325,0,14255075
SERVICIOS,2,1143,LIMON,PYMES,0,0,0,6,0,93710
SERVICIOS,2,908,LIMON,PYMES,1,1,5,6,0,16487
HOTELERIA,1,1680,LIMON,PYMES,1,1,6,6,2,27415
AGRICULTURA,3,1046,ALAJUELA,PYMES,3,1,9,9,1,86565
BIENES RAICES,4,1321,HEREDIA,PEQUE헤,2,1,24,26,3,132895
AGRICULTURA,3,598,CARTAGO,MEDIANA,0,0,0,63,0,835429
COMERCIO,6,1743,GUANACASTE,GRANDE,0,0,0,673,0,6727788
COMERCIO,6,1503,HEREDIA,PEQUE헤,0,0,0,24,0,410466
MANUFACTURA,5,1483,CARTAGO,PYMES,2,1,3,8,2,88858
BIENES RAICES,4,690,LIMON,PYMES,0,0,0,6,0,18655
SERVICIOS,2,515,HEREDIA,PEQUE헤,4,1,29,13,1,177085
AGRICULTURA,3,502,HEREDIA,PYMES,0,0,0,4,0,21361
SERVICIOS,2,266,SAN JOSE,MEDIANA,4,1,100,82,3,468235
AGRICULTURA,3,1052,SAN JOSE,PEQUE헤,4,1,21,24,0,192369
SERVICIOS,2,1038,PUNTARENAS,GRANDE,0,0,0,390,0,6803196
SERVICIOS,2,1108,HEREDIA,PYMES,0,0,0,8,0,29076
BIENES RAICES,4,1006,ALAJUELA,MEDIANA,4,1,88,51,1,727228
MANUFACTURA,5,643,LIMON,PYMES,4,1,3,4,1,90774
BIENES RAICES,4,1708,ALAJUELA,PEQUE헤,0,0,0,17,0,295970
AGRICULTURA,3,843,LIMON,PYMES,4,1,4,4,4,89865
COMERCIO,6,1292,GUANACASTE,GRANDE,2,1,833,321,1,17353036
COMERCIO,6,1329,GUANACASTE,PYMES,0,0,0,6,0,99698
SERVICIOS,2,302,GUANACASTE,PEQUE헤,4,1,15,27,0,433437
COMERCIO,6,697,GUANACASTE,PEQUE헤,1,1,26,17,1,381929
SERVICIOS,2,1669,HEREDIA,GRANDE,3,1,513,486,2,21470356
HOTELERIA,1,1130,LIMON,GRANDE,3,1,814,323,1,19849093
MANUFACTURA,5,265,ALAJUELA,MEDIANA,1,1,60,75,3,761901
MANUFACTURA,5,1338,CARTAGO,PEQUE헤,0,0,0,25,0,482918
BIENES RAICES,4,1562,LIMON,PYMES,3,1,8,6,0,111835
BIENES RAICES,4,1116,GUANACASTE,MEDIANA,0,0,0,46,0,658054
SERVICIOS,2,1486,PUNTARENAS,PYMES,2,1,8,7,2,17769
MANUFACTURA,5,1334,CARTAGO,PYMES,0,0,0,9,0,16333
COMERCIO,6,1605,SAN JOSE,PYMES,0,0,0,9,0,21667
HOTELERIA,1,625,CARTAGO,PYMES,0,0,0,3,0,14421
MANUFACTURA,5,27,PUNTARENAS,MEDIANA,0,0,0,66,0,679149
SERVICIOS,2,1397,CARTAGO,MEDIANA,2,1,67,38,3,825422
COMERCIO,6,219,GUANACASTE,PYMES,0,0,0,7,0,70889
COMERCIO,6,893,SAN JOSE,MEDIANA,2,1,46,37,0,578303
HOTELERIA,1,565,ALAJUELA,GRANDE,3,1,151,401,3,9198358
HOTELERIA,1,830,SAN JOSE,GRANDE,3,1,619,377,4,19815649
MANUFACTURA,5,187,HEREDIA,PYMES,0,0,0,5,0,110977
SERVICIOS,2,1603,LIMON,MEDIANA,0,0,0,61,0,1092497
AGRICULTURA,3,673,LIMON,PEQUE헤,0,0,0,35,0,128467
COMERCIO,6,581,CARTAGO,GRANDE,3,1,966,154,4,18369159
AGRICULTURA,3,269,LIMON,MEDIANA,1,1,62,54,4,500628
HOTELERIA,1,1438,SAN JOSE,PYMES,0,0,0,6,0,46366
COMERCIO,6,1201,SAN JOSE,GRANDE,1,1,385,876,1,2873370
HOTELERIA,1,823,LIMON,GRANDE,0,0,0,961,0,1863420
BIENES RAICES,4,1080,CARTAGO,GRANDE,4,1,797,258,2,24299110
SERVICIOS,2,936,ALAJUELA,PYMES,0,0,0,3,0,25378
BIENES RAICES,4,973,HEREDIA,PYMES,0,0,0,5,0,90837
SERVICIOS,2,102,HEREDIA,PEQUE헤,4,1,23,28,3,396959
MANUFACTURA,5,752,PUNTARENAS,GRANDE,0,0,0,957,0,23592904
SERVICIOS,2,301,HEREDIA,MEDIANA,0,0,0,85,0,1107319
HOTELERIA,1,1445,LIMON,MEDIANA,0,0,0,49,0,1094867
COMERCIO,6,914,SAN JOSE,MEDIANA,4,1,84,97,2,854368
MANUFACTURA,5,399,GUANACASTE,PEQUE헤,0,0,0,33,0,324624
SERVICIOS,2,1411,SAN JOSE,PEQUE헤,0,0,0,22,0,264186
COMERCIO,6,482,CARTAGO,PEQUE헤,0,0,0,26,0,250239
COMERCIO,6,238,LIMON,PYMES,2,1,5,3,1,44739
COMERCIO,6,972,ALAJUELA,PEQUE헤,3,1,11,22,1,419824
COMERCIO,6,1312,LIMON,PEQUE헤,0,0,0,18,0,288835
BIENES RAICES,4,1491,LIMON,GRANDE,0,0,0,934,0,21704441
MANUFACTURA,5,421,PUNTARENAS,PYMES,0,0,0,7,0,25733
BIENES RAICES,4,289,CARTAGO,PYMES,1,1,4,5,0,22439
AGRICULTURA,3,739,GUANACASTE,PEQUE헤,0,0,0,28,0,431796
MANUFACTURA,5,151,ALAJUELA,GRANDE,4,1,842,535,1,16084937
MANUFACTURA,5,389,GUANACASTE,GRANDE,0,0,0,281,0,15657721
COMERCIO,6,106,GUANACASTE,GRANDE,0,0,0,148,0,10249749
BIENES RAICES,4,300,CARTAGO,MEDIANA,1,1,53,40,4,1118543
BIENES RAICES,4,608,ALAJUELA,PYMES,1,1,4,5,3,100851
AGRICULTURA,3,1738,ALAJUELA,GRANDE,2,1,907,722,4,5160512
SERVICIOS,2,186,ALAJUELA,PYMES,0,0,0,6,0,44147
SERVICIOS,2,1309,HEREDIA,PEQUE헤,0,0,0,15,0,128640
AGRICULTURA,3,632,GUANACASTE,PEQUE헤,1,1,11,16,1,116713
AGRICULTURA,3,1090,PUNTARENAS,MEDIANA,4,1,79,63,0,1118821
BIENES RAICES,4,946,SAN JOSE,PEQUE헤,0,0,0,19,0,187226
HOTELERIA,1,1150,LIMON,PEQUE헤,0,0,0,22,0,284416
SERVICIOS,2,1184,CARTAGO,GRANDE,0,0,0,764,0,18020543
HOTELERIA,1,1374,LIMON,MEDIANA,3,1,83,90,0,548954
BIENES RAICES,4,104,CARTAGO,PYMES,4,1,7,9,2,48939
HOTELERIA,1,582,LIMON,GRANDE,1,1,826,598,3,20745056
BIENES RAICES,4,1696,GUANACASTE,GRANDE,3,1,508,507,2,9149743
AGRICULTURA,3,1280,PUNTARENAS,MEDIANA,0,0,0,59,0,861756
BIENES RAICES,4,1293,PUNTARENAS,PEQUE헤,4,1,14,27,4,438717
AGRICULTURA,3,1297,LIMON,GRANDE,3,1,679,109,2,24430417
AGRICULTURA,3,1136,LIMON,PYMES,2,1,5,9,0,23951
MANUFACTURA,5,773,ALAJUELA,PYMES,2,1,7,4,3,110011
HOTELERIA,1,1138,PUNTARENAS,MEDIANA,3,1,48,97,4,664790
MANUFACTURA,5,1612,SAN JOSE,PYMES,3,1,6,7,1,42578
HOTELERIA,1,402,LIMON,MEDIANA,2,1,76,66,1,1130218
COMERCIO,6,26,PUNTARENAS,MEDIANA,2,1,61,99,2,707149
COMERCIO,6,1683,LIMON,MEDIANA,2,1,46,36,4,980925
HOTELERIA,1,1258,ALAJUELA,PYMES,1,1,4,4,2,96703
HOTELERIA,1,428,LIMON,PEQUE헤,3,1,25,13,2,215034
MANUFACTURA,5,96,HEREDIA,MEDIANA,0,0,0,88,0,716319
MANUFACTURA,5,1387,GUANACASTE,GRANDE,2,1,105,230,4,5202979
AGRICULTURA,3,1214,PUNTARENAS,PEQUE헤,1,1,23,34,2,191166
HOTELERIA,1,1703,SAN JOSE,GRANDE,0,0,0,339,0,24667770
BIENES RAICES,4,243,PUNTARENAS,GRANDE,0,0,0,448,0,21316660
BIENES RAICES,4,648,HEREDIA,GRANDE,4,1,148,909,2,1605255
AGRICULTURA,3,1252,PUNTARENAS,PYMES,0,0,0,6,0,97635
COMERCIO,6,1296,ALAJUELA,MEDIANA,1,1,39,61,0,906933
SERVICIOS,2,1185,ALAJUELA,MEDIANA,2,1,61,38,2,778428
SERVICIOS,2,1126,LIMON,PYMES,1,1,5,6,4,100361
AGRICULTURA,3,1434,LIMON,MEDIANA,0,0,0,93,0,651153
BIENES RAICES,4,1715,SAN JOSE,MEDIANA,2,1,72,44,1,521789
MANUFACTURA,5,667,LIMON,GRANDE,0,0,0,713,0,1408119
SERVICIOS,2,1525,ALAJUELA,MEDIANA,0,0,0,39,0,1015643
HOTELERIA,1,652,CARTAGO,PEQUE헤,0,0,0,32,0,282096
AGRICULTURA,3,1443,CARTAGO,PEQUE헤,0,0,0,16,0,436331
COMERCIO,6,131,CARTAGO,PYMES,0,0,0,5,0,22584
AGRICULTURA,3,821,GUANACASTE,PYMES,0,0,0,6,0,60229
SERVICIOS,2,1301,SAN JOSE,PYMES,1,1,6,5,4,37892
BIENES RAICES,4,142,GUANACASTE,PEQUE헤,3,1,27,15,1,272004
COMERCIO,6,807,GUANACASTE,PYMES,2,1,7,4,3,29624
AGRICULTURA,3,1567,PUNTARENAS,MEDIANA,0,0,0,67,0,448049
AGRICULTURA,3,12,SAN JOSE,PYMES,0,0,0,8,0,72652
BIENES RAICES,4,1310,SAN JOSE,PEQUE헤,2,1,11,19,0,421939
SERVICIOS,2,481,GUANACASTE,PYMES,0,0,0,5,0,15034
AGRICULTURA,3,1735,SAN JOSE,PYMES,0,0,0,5,0,54843
COMERCIO,6,1564,SAN JOSE,PYMES,1,1,6,8,2,50662
HOTELERIA,1,1555,CARTAGO,PYMES,0,0,0,6,0,56837
MANUFACTURA,5,1675,PUNTARENAS,PEQUE헤,0,0,0,26,0,399738
SERVICIOS,2,789,LIMON,MEDIANA,4,1,67,91,0,607443
MANUFACTURA,5,100,CARTAGO,PEQUE헤,2,1,10,15,0,291380
COMERCIO,6,1731,PUNTARENAS,MEDIANA,0,0,0,62,0,587383
SERVICIOS,2,1563,ALAJUELA,MEDIANA,2,1,93,58,1,433510
SERVICIOS,2,32,GUANACASTE,PEQUE헤,4,1,17,34,4,321748
SERVICIOS,2,211,SAN JOSE,PEQUE헤,0,0,0,17,0,249058
SERVICIOS,2,1219,LIMON,PEQUE헤,0,0,0,32,0,167963
AGRICULTURA,3,1250,HEREDIA,MEDIANA,0,0,0,43,0,692133
BIENES RAICES,4,1172,ALAJUELA,GRANDE,0,0,0,925,0,2105020
SERVICIOS,2,945,GUANACASTE,MEDIANA,0,0,0,79,0,776309
MANUFACTURA,5,1119,SAN JOSE,MEDIANA,0,0,0,99,0,815427
BIENES RAICES,4,189,CARTAGO,PYMES,0,0,0,5,0,44387
BIENES RAICES,4,1192,PUNTARENAS,PEQUE헤,1,1,32,34,1,352534
AGRICULTURA,3,1408,LIMON,PYMES,4,1,7,7,3,57863
MANUFACTURA,5,1063,GUANACASTE,GRANDE,2,1,777,787,4,4433557
COMERCIO,6,427,HEREDIA,GRANDE,1,1,466,194,4,15651515
HOTELERIA,1,11,CARTAGO,PYMES,1,1,3,7,4,95481
HOTELERIA,1,226,GUANACASTE,MEDIANA,0,0,0,94,0,918437
COMERCIO,6,787,CARTAGO,PYMES,0,0,0,8,0,37185
HOTELERIA,1,1134,PUNTARENAS,PEQUE헤,3,1,17,18,3,135853
HOTELERIA,1,440,PUNTARENAS,PYMES,0,0,0,4,0,96975
MANUFACTURA,5,948,HEREDIA,PEQUE헤,1,1,17,33,1,320482
COMERCIO,6,1075,ALAJUELA,MEDIANA,0,0,0,63,0,1069071
HOTELERIA,1,863,HEREDIA,PEQUE헤,0,0,0,21,0,226558
SERVICIOS,2,741,PUNTARENAS,MEDIANA,0,0,0,72,0,1162158
COMERCIO,6,573,ALAJUELA,MEDIANA,2,1,60,90,3,747284
MANUFACTURA,5,82,SAN JOSE,PYMES,0,0,0,5,0,59768
COMERCIO,6,1142,CARTAGO,MEDIANA,2,1,43,51,2,580465
AGRICULTURA,3,1175,HEREDIA,GRANDE,0,0,0,913,0,17778971
SERVICIOS,2,460,CARTAGO,MEDIANA,0,0,0,79,0,797534
AGRICULTURA,3,528,CARTAGO,MEDIANA,0,0,0,77,0,928656
SERVICIOS,2,463,CARTAGO,GRANDE,4,1,844,522,3,13580652
AGRICULTURA,3,1117,PUNTARENAS,PEQUE헤,0,0,0,12,0,385253
HOTELERIA,1,274,SAN JOSE,MEDIANA,3,1,42,96,0,870872
BIENES RAICES,4,306,CARTAGO,PYMES,1,1,7,4,2,16081
MANUFACTURA,5,1121,ALAJUELA,GRANDE,0,0,0,663,0,20494352
COMERCIO,6,882,ALAJUELA,GRANDE,0,0,0,778,0,6864979
HOTELERIA,1,906,PUNTARENAS,GRANDE,3,1,826,697,4,11081142
BIENES RAICES,4,385,HEREDIA,GRANDE,0,0,0,902,0,22763979
HOTELERIA,1,1695,CARTAGO,PYMES,0,0,0,6,0,72017
SERVICIOS,2,1269,GUANACASTE,MEDIANA,1,1,71,47,0,805065
MANUFACTURA,5,182,ALAJUELA,GRANDE,1,1,145,288,1,5642357
BIENES RAICES,4,1037,PUNTARENAS,MEDIANA,0,0,0,51,0,467229
MANUFACTURA,5,303,LIMON,PYMES,0,0,0,5,0,107576
HOTELERIA,1,1034,CARTAGO,PEQUE헤,3,1,11,16,1,360437
MANUFACTURA,5,1494,GUANACASTE,PEQUE헤,4,1,21,18,0,413518
COMERCIO,6,16,ALAJUELA,GRANDE,0,0,0,641,0,10363004
AGRICULTURA,3,561,PUNTARENAS,PYMES,4,1,6,9,1,84668
COMERCIO,6,778,ALAJUELA,GRANDE,1,1,530,319,4,7900963
COMERCIO,6,1688,CARTAGO,PYMES,0,0,0,8,0,116159
MANUFACTURA,5,1372,PUNTARENAS,PEQUE헤,0,0,0,24,0,243420
COMERCIO,6,190,HEREDIA,PYMES,0,0,0,5,0,32147
SERVICIOS,2,232,HEREDIA,MEDIANA,0,0,0,67,0,1156600
COMERCIO,6,1171,LIMON,PYMES,3,1,7,8,1,69511
HOTELERIA,1,1520,SAN JOSE,PEQUE헤,0,0,0,16,0,469741
SERVICIOS,2,904,SAN JOSE,MEDIANA,0,0,0,58,0,1097591
SERVICIOS,2,1402,ALAJUELA,GRANDE,0,0,0,795,0,18843986
COMERCIO,6,1055,SAN JOSE,GRANDE,4,1,545,893,4,12456108
SERVICIOS,2,456,CARTAGO,GRANDE,3,1,864,591,1,2452349
AGRICULTURA,3,1206,GUANACASTE,GRANDE,1,1,137,513,4,14021107
AGRICULTURA,3,1694,CARTAGO,PYMES,4,1,3,6,3,65415
BIENES RAICES,4,439,CARTAGO,PEQUE헤,2,1,24,18,4,150492
BIENES RAICES,4,1263,PUNTARENAS,PYMES,0,0,0,5,0,16401
BIENES RAICES,4,839,LIMON,PYMES,3,1,6,9,1,80351
COMERCIO,6,1705,CARTAGO,GRANDE,4,1,873,613,0,10930509
COMERCIO,6,72,GUANACASTE,PYMES,0,0,0,5,0,112181
MANUFACTURA,5,995,SAN JOSE,PYMES,1,1,3,3,1,38742
HOTELERIA,1,1386,GUANACASTE,PYMES,1,1,8,5,3,74251
AGRICULTURA,3,311,LIMON,MEDIANA,0,0,0,76,0,834249
COMERCIO,6,677,CARTAGO,GRANDE,4,1,555,785,3,16830288
SERVICIOS,2,621,CARTAGO,PYMES,0,0,0,7,0,12166
COMERCIO,6,1725,CARTAGO,GRANDE,4,1,514,398,3,4740427
MANUFACTURA,5,171,HEREDIA,PYMES,0,0,0,5,0,73777
BIENES RAICES,4,1365,ALAJUELA,PEQUE헤,0,0,0,26,0,348518
SERVICIOS,2,971,ALAJUELA,PEQUE헤,1,1,10,14,2,308262
COMERCIO,6,1228,GUANACASTE,GRANDE,4,1,624,346,3,2501171
SERVICIOS,2,1149,ALAJUELA,PYMES,4,1,9,9,4,74239
BIENES RAICES,4,1319,HEREDIA,PEQUE헤,0,0,0,10,0,383274
COMERCIO,6,744,PUNTARENAS,GRANDE,3,1,322,459,4,22671075
AGRICULTURA,3,92,LIMON,GRANDE,2,1,841,403,0,19334249
COMERCIO,6,1477,SAN JOSE,MEDIANA,4,1,91,56,0,887802
SERVICIOS,2,782,PUNTARENAS,MEDIANA,1,1,74,99,4,487783
MANUFACTURA,5,583,CARTAGO,PYMES,0,0,0,5,0,11502
SERVICIOS,2,150,LIMON,GRANDE,3,1,634,105,0,22436335
HOTELERIA,1,664,SAN JOSE,MEDIANA,2,1,63,75,4,1037452
MANUFACTURA,5,277,PUNTARENAS,GRANDE,2,1,493,708,2,7125602
AGRICULTURA,3,968,LIMON,GRANDE,0,0,0,402,0,14085494
SERVICIOS,2,1320,ALAJUELA,PYMES,4,1,5,3,0,104557
SERVICIOS,2,172,SAN JOSE,PYMES,0,0,0,3,0,11594
MANUFACTURA,5,1247,LIMON,PYMES,4,1,5,5,1,22202
SERVICIOS,2,208,CARTAGO,PYMES,0,0,0,3,0,52684
BIENES RAICES,4,1041,SAN JOSE,GRANDE,0,0,0,900,0,11550120
AGRICULTURA,3,1523,HEREDIA,PYMES,1,1,8,3,3,83948
MANUFACTURA,5,89,PUNTARENAS,MEDIANA,0,0,0,42,0,628119
HOTELERIA,1,351,ALAJUELA,GRANDE,0,0,0,371,0,17742968
HOTELERIA,1,469,CARTAGO,GRANDE,0,0,0,944,0,9001226
COMERCIO,6,1439,PUNTARENAS,PEQUE헤,3,1,14,30,2,171883
AGRICULTURA,3,1345,ALAJUELA,MEDIANA,0,0,0,68,0,500259
COMERCIO,6,1667,HEREDIA,PYMES,4,1,4,4,0,96518
BIENES RAICES,4,1351,ALAJUELA,PYMES,0,0,0,7,0,49872
COMERCIO,6,1456,CARTAGO,GRANDE,0,0,0,122,0,8558769
COMERCIO,6,141,SAN JOSE,PEQUE헤,0,0,0,18,0,125920
SERVICIOS,2,426,CARTAGO,MEDIANA,1,1,77,81,4,1052657
MANUFACTURA,5,282,LIMON,PYMES,0,0,0,9,0,31452
MANUFACTURA,5,280,CARTAGO,MEDIANA,1,1,88,40,3,1139286
SERVICIOS,2,296,GUANACASTE,PYMES,2,1,4,4,2,87269
HOTELERIA,1,1123,PUNTARENAS,PEQUE헤,3,1,26,27,2,290611
COMERCIO,6,617,ALAJUELA,PEQUE헤,0,0,0,27,0,235595
COMERCIO,6,1224,PUNTARENAS,GRANDE,0,0,0,651,0,1551138
AGRICULTURA,3,1361,SAN JOSE,GRANDE,0,0,0,465,0,5803738
MANUFACTURA,5,1097,PUNTARENAS,PYMES,1,1,9,4,0,33535
BIENES RAICES,4,1701,GUANACASTE,PYMES,0,0,0,3,0,92824
MANUFACTURA,5,828,SAN JOSE,PEQUE헤,0,0,0,17,0,425248
COMERCIO,6,1463,HEREDIA,MEDIANA,3,1,100,57,2,595260
BIENES RAICES,4,806,CARTAGO,PYMES,3,1,5,8,2,46931
HOTELERIA,1,660,PUNTARENAS,PYMES,3,1,3,5,0,116789
AGRICULTURA,3,1164,ALAJUELA,PEQUE헤,0,0,0,11,0,269225
BIENES RAICES,4,700,ALAJUELA,PYMES,0,0,0,6,0,84901
MANUFACTURA,5,331,PUNTARENAS,GRANDE,0,0,0,354,0,13219271
BIENES RAICES,4,1706,CARTAGO,PYMES,1,1,7,8,3,77939
BIENES RAICES,4,1674,ALAJUELA,GRANDE,0,0,0,449,0,13424384
BIENES RAICES,4,1140,CARTAGO,PEQUE헤,4,1,22,34,1,117436
HOTELERIA,1,519,SAN JOSE,GRANDE,0,0,0,207,0,11034731
COMERCIO,6,814,LIMON,PEQUE헤,0,0,0,22,0,409749
AGRICULTURA,3,498,SAN JOSE,PEQUE헤,0,0,0,11,0,305687
AGRICULTURA,3,308,PUNTARENAS,GRANDE,4,1,508,675,0,4539106
COMERCIO,6,1225,ALAJUELA,PYMES,0,0,0,5,0,37115
HOTELERIA,1,1115,SAN JOSE,GRANDE,3,1,293,263,4,6743714
MANUFACTURA,5,1469,LIMON,MEDIANA,0,0,0,90,0,1083188
COMERCIO,6,1490,HEREDIA,MEDIANA,3,1,83,74,2,727471
BIENES RAICES,4,898,LIMON,PEQUE헤,4,1,34,12,4,206180
HOTELERIA,1,164,SAN JOSE,GRANDE,4,1,392,376,2,3870243
SERVICIOS,2,1640,HEREDIA,PEQUE헤,0,0,0,27,0,254040
SERVICIOS,2,1168,SAN JOSE,GRANDE,0,0,0,691,0,23199011
COMERCIO,6,1583,PUNTARENAS,GRANDE,0,0,0,162,0,5136631
AGRICULTURA,3,1389,LIMON,PYMES,0,0,0,8,0,111205
COMERCIO,6,646,ALAJUELA,PYMES,0,0,0,6,0,88838
BIENES RAICES,4,467,LIMON,PEQUE헤,0,0,0,24,0,241881
HOTELERIA,1,348,CARTAGO,GRANDE,0,0,0,733,0,24584837
BIENES RAICES,4,562,SAN JOSE,PEQUE헤,0,0,0,14,0,145710
AGRICULTURA,3,870,HEREDIA,GRANDE,0,0,0,728,0,2690558
HOTELERIA,1,949,PUNTARENAS,MEDIANA,2,1,75,63,0,1012789
HOTELERIA,1,1578,ALAJUELA,PEQUE헤,4,1,19,34,3,197628
AGRICULTURA,3,46,HEREDIA,PEQUE헤,0,0,0,19,0,430858
MANUFACTURA,5,1209,GUANACASTE,PYMES,2,1,7,8,2,67342
BIENES RAICES,4,1727,GUANACASTE,GRANDE,1,1,319,514,4,20794841
BIENES RAICES,4,902,ALAJUELA,MEDIANA,0,0,0,57,0,875918
BIENES RAICES,4,644,HEREDIA,GRANDE,0,0,0,512,0,16271820
MANUFACTURA,5,1659,PUNTARENAS,MEDIANA,0,0,0,63,0,660558
MANUFACTURA,5,1382,SAN JOSE,PYMES,0,0,0,7,0,82989
COMERCIO,6,931,GUANACASTE,PEQUE헤,1,1,13,16,0,400544
SERVICIOS,2,1702,GUANACASTE,GRANDE,0,0,0,840,0,19631473
SERVICIOS,2,1288,ALAJUELA,PEQUE헤,0,0,0,24,0,482099
COMERCIO,6,453,LIMON,GRANDE,0,0,0,812,0,24470000
BIENES RAICES,4,30,GUANACASTE,MEDIANA,2,1,76,72,1,483037
COMERCIO,6,1159,HEREDIA,GRANDE,4,1,464,637,4,17958595
COMERCIO,6,846,ALAJUELA,GRANDE,0,0,0,414,0,9252717
HOTELERIA,1,1730,CARTAGO,PYMES,2,1,9,3,3,89551
AGRICULTURA,3,1704,PUNTARENAS,GRANDE,0,0,0,652,0,2098215
SERVICIOS,2,1614,PUNTARENAS,PYMES,4,1,8,7,4,65847
HOTELERIA,1,139,LIMON,PYMES,0,0,0,9,0,59189
BIENES RAICES,4,1196,SAN JOSE,MEDIANA,0,0,0,73,0,823849
HOTELERIA,1,859,CARTAGO,MEDIANA,0,0,0,42,0,561229
AGRICULTURA,3,1139,ALAJUELA,MEDIANA,0,0,0,45,0,1190074
BIENES RAICES,4,1431,PUNTARENAS,PEQUE헤,3,1,35,19,2,308750
AGRICULTURA,3,220,GUANACASTE,GRANDE,4,1,646,836,0,17582208
MANUFACTURA,5,1255,SAN JOSE,MEDIANA,4,1,38,64,4,1000518
AGRICULTURA,3,1666,ALAJUELA,PYMES,4,1,6,3,2,41338
BIENES RAICES,4,185,PUNTARENAS,MEDIANA,1,1,78,99,3,1124567
AGRICULTURA,3,905,CARTAGO,GRANDE,2,1,910,719,0,18362741
COMERCIO,6,430,CARTAGO,MEDIANA,0,0,0,95,0,934357
AGRICULTURA,3,1099,SAN JOSE,MEDIANA,2,1,64,97,4,563029
COMERCIO,6,808,HEREDIA,PYMES,1,1,3,3,4,31841
MANUFACTURA,5,728,CARTAGO,GRANDE,2,1,721,356,2,14197644
AGRICULTURA,3,539,PUNTARENAS,MEDIANA,0,0,0,64,0,1199697
HOTELERIA,1,1473,GUANACASTE,MEDIANA,4,1,60,70,3,1190781
HOTELERIA,1,119,SAN JOSE,MEDIANA,4,1,96,93,0,1022890
BIENES RAICES,4,244,PUNTARENAS,GRANDE,0,0,0,475,0,14674379
HOTELERIA,1,344,GUANACASTE,PEQUE헤,0,0,0,18,0,312203
SERVICIOS,2,1648,HEREDIA,PYMES,3,1,7,4,3,101208
AGRICULTURA,3,367,LIMON,MEDIANA,0,0,0,99,0,491414
COMERCIO,6,1265,ALAJUELA,PYMES,0,0,0,3,0,112273
MANUFACTURA,5,546,LIMON,GRANDE,0,0,0,883,0,21603445
COMERCIO,6,1133,PUNTARENAS,PYMES,0,0,0,8,0,116527
AGRICULTURA,3,1029,SAN JOSE,PYMES,2,1,7,4,0,20118
BIENES RAICES,4,1383,CARTAGO,MEDIANA,3,1,81,59,3,744580
MANUFACTURA,5,70,GUANACASTE,PYMES,2,1,9,4,0,36711
HOTELERIA,1,476,CARTAGO,MEDIANA,0,0,0,43,0,994302
COMERCIO,6,553,LIMON,MEDIANA,0,0,0,97,0,917292
COMERCIO,6,1565,HEREDIA,MEDIANA,0,0,0,59,0,1076679
SERVICIOS,2,851,SAN JOSE,GRANDE,0,0,0,324,0,18969568
HOTELERIA,1,199,GUANACASTE,PEQUE헤,0,0,0,23,0,409156
COMERCIO,6,1388,ALAJUELA,GRANDE,0,0,0,596,0,24559748
SERVICIOS,2,1744,GUANACASTE,PEQUE헤,0,0,0,30,0,209645
HOTELERIA,1,585,ALAJUELA,MEDIANA,0,0,0,73,0,515589
AGRICULTURA,3,130,HEREDIA,PYMES,1,1,7,3,2,110067
AGRICULTURA,3,231,SAN JOSE,MEDIANA,0,0,0,97,0,1168562
HOTELERIA,1,768,CARTAGO,PEQUE헤,0,0,0,17,0,386107
HOTELERIA,1,466,HEREDIA,MEDIANA,0,0,0,49,0,1013259
HOTELERIA,1,204,ALAJUELA,PEQUE헤,0,0,0,14,0,380727
BIENES RAICES,4,1341,PUNTARENAS,PEQUE헤,2,1,25,21,4,314849
SERVICIOS,2,1033,HEREDIA,PYMES,0,0,0,5,0,111607
SERVICIOS,2,624,SAN JOSE,PYMES,0,0,0,9,0,79074
BIENES RAICES,4,68,LIMON,MEDIANA,1,1,38,96,0,844210
SERVICIOS,2,1303,LIMON,MEDIANA,0,0,0,46,0,1002037
BIENES RAICES,4,1509,PUNTARENAS,PYMES,0,0,0,7,0,80143
BIENES RAICES,4,511,SAN JOSE,MEDIANA,0,0,0,37,0,494506
AGRICULTURA,3,84,PUNTARENAS,PEQUE헤,4,1,17,24,3,435683
SERVICIOS,2,663,HEREDIA,GRANDE,0,0,0,388,0,1506905
HOTELERIA,1,743,GUANACASTE,MEDIANA,3,1,50,68,2,802849
HOTELERIA,1,1384,CARTAGO,GRANDE,1,1,234,694,4,12614928
BIENES RAICES,4,1091,PUNTARENAS,MEDIANA,0,0,0,76,0,937016
BIENES RAICES,4,257,LIMON,MEDIANA,4,1,81,57,2,577699
COMERCIO,6,435,PUNTARENAS,MEDIANA,0,0,0,46,0,1038274
MANUFACTURA,5,261,GUANACASTE,GRANDE,0,0,0,708,0,8167200
BIENES RAICES,4,854,CARTAGO,PYMES,0,0,0,6,0,114138
SERVICIOS,2,1350,HEREDIA,GRANDE,0,0,0,829,0,20567729
SERVICIOS,2,500,SAN JOSE,GRANDE,0,0,0,215,0,24736651
SERVICIOS,2,369,CARTAGO,GRANDE,0,0,0,505,0,1527299
AGRICULTURA,3,1093,ALAJUELA,GRANDE,4,1,611,925,3,24108669
COMERCIO,6,1600,LIMON,PYMES,4,1,5,8,0,99502
BIENES RAICES,4,1692,PUNTARENAS,PYMES,0,0,0,6,0,41891
AGRICULTURA,3,920,ALAJUELA,GRANDE,3,1,628,539,3,17715889
AGRICULTURA,3,1190,GUANACASTE,PEQUE헤,0,0,0,19,0,120111
BIENES RAICES,4,958,HEREDIA,PYMES,3,1,6,9,3,93303
SERVICIOS,2,127,SAN JOSE,PEQUE헤,2,1,12,24,4,254495
AGRICULTURA,3,737,GUANACASTE,GRANDE,3,1,633,303,3,12867716
HOTELERIA,1,474,PUNTARENAS,PYMES,2,1,5,4,0,62813
MANUFACTURA,5,1042,CARTAGO,GRANDE,2,1,616,921,2,9215372
COMERCIO,6,1291,SAN JOSE,PYMES,0,0,0,9,0,113864
AGRICULTURA,3,518,PUNTARENAS,MEDIANA,2,1,61,74,2,677457
SERVICIOS,2,478,ALAJUELA,MEDIANA,0,0,0,41,0,756290
HOTELERIA,1,665,ALAJUELA,MEDIANA,2,1,41,80,4,1065015
SERVICIOS,2,1278,LIMON,MEDIANA,2,1,93,59,4,547955
COMERCIO,6,925,GUANACASTE,PYMES,0,0,0,9,0,9732
SERVICIOS,2,1109,SAN JOSE,MEDIANA,3,1,37,96,4,943336
SERVICIOS,2,542,PUNTARENAS,PEQUE헤,0,0,0,29,0,272910
SERVICIOS,2,252,GUANACASTE,MEDIANA,0,0,0,87,0,942839
HOTELERIA,1,1644,SAN JOSE,PEQUE헤,3,1,25,10,1,480987
MANUFACTURA,5,1449,LIMON,PYMES,0,0,0,8,0,78999
AGRICULTURA,3,447,CARTAGO,PEQUE헤,0,0,0,31,0,187085
COMERCIO,6,824,ALAJUELA,PYMES,0,0,0,7,0,58609
SERVICIOS,2,868,PUNTARENAS,GRANDE,3,1,692,385,4,1775429
SERVICIOS,2,1230,PUNTARENAS,MEDIANA,0,0,0,53,0,815523
HOTELERIA,1,1330,PUNTARENAS,PEQUE헤,4,1,25,30,3,227179
MANUFACTURA,5,951,SAN JOSE,PEQUE헤,2,1,12,10,4,497755
BIENES RAICES,4,633,SAN JOSE,PEQUE헤,0,0,0,31,0,143456
AGRICULTURA,3,210,PUNTARENAS,GRANDE,0,0,0,204,0,10940565
SERVICIOS,2,1106,SAN JOSE,GRANDE,0,0,0,620,0,11005465
AGRICULTURA,3,1360,PUNTARENAS,MEDIANA,2,1,72,67,3,756135
AGRICULTURA,3,1607,SAN JOSE,PYMES,2,1,8,7,4,41531
MANUFACTURA,5,149,GUANACASTE,GRANDE,1,1,955,356,3,16000797
BIENES RAICES,4,1132,ALAJUELA,GRANDE,0,0,0,253,0,15681201
MANUFACTURA,5,704,LIMON,PYMES,0,0,0,7,0,97852
HOTELERIA,1,63,SAN JOSE,GRANDE,1,1,419,189,3,19186922
BIENES RAICES,4,2,ALAJUELA,MEDIANA,3,1,76,56,3,954297
SERVICIOS,2,108,SAN JOSE,MEDIANA,2,1,40,86,3,1104255
COMERCIO,6,881,ALAJUELA,PYMES,0,0,0,8,0,107121
MANUFACTURA,5,1460,LIMON,PEQUE헤,4,1,14,32,0,344250
,,,,,,,,,,
,,,,,,,,,,
,,,,,,,,,,
,,,,,,,,,,
,,,,,,,,,,
,,,,,,,,,,
,,,,,,,,,,
,,,,,,,,,,
,,,,,,,,,,
,,,,,,,,,,
,,,,,,,,,,
,,,,,,,,,,
,,,,,,,,,,
,,,,,,,,,,
,,,,,,,,,,
,,,,,,,,,,
,,,,,,,,,,
,,,,,,,,,,
,,,,,,,,,,
,,,,,,,,,,
,,,,,,,,,,
,,,,,,,,,,
,,,,,,,,,,
,,,,,,,,,,
,,,,,,,,,,
,,,,,,,,,,
,,,,,,,,,,
,,,,,,,,,,
,,,,,,,,,,
,,,,,,,,,,
,,,,,,,,,,
